userid,username,firstname,lastname,city,state,email,phone,likesports,liketheatre,likeconcerts,likejazz,likeclassical,likeopera,likerock,likevegas,likebroadway,likemusicals
1,JSG99FHE,Rafael,Taylor,Kent,WA,Etiam.laoreet.libero@sodalesMaurisblandit.edu,(664) 602-4412,true,true,,false,true,,,true,false,true
2,PGL08LJI,Vladimir,Humphrey,Murfreesboro,SK,Suspendisse.tristique@nonnisiAenean.edu,(783) 492-1886,,,,true,true,,,true,false,true
3,IFT66TXU,Lars,Ratliff,High Point,ME,amet.faucibus.ut@condimentumegetvolutpat.ca,(624) 767-2465,true,false,,false,,false,true,,,true
4,XDZ38RDD,Barry,Roy,Omaha,AB,sed@lacusUtnec.ca,(355) 452-8168,false,true,,false,,,,,,false
5,AEB55QTM,Reagan,Hodge,Forest Lake,NS,Cum@accumsan.com,(476) 519-9131,,,true,false,,,true,true,false,true
6,NDQ15VBM,Victor,Hernandez,Naperville,GA,turpis@accumsanlaoreet.org,(818) 765-4255,false,,,true,,true,true,true,true,true
7,OWY35QYB,Tamekah,Juarez,Moultrie,WV,elementum@semperpretiumneque.ca,(297) 875-7247,,,,true,true,false,,,false,false
8,AZG78YIP,Colton,Roy,Guayama,AK,ullamcorper.nisl@Cras.edu,(998) 934-9210,,,true,true,,true,false,,false,false
9,MSD36KVR,Mufutau,Watkins,Port Orford,MD,Integer.mollis.Integer@tristiquealiquet.org,(725) 719-7670,true,false,,false,true,,,,false,true
10,WKW41AIW,Naida,Calderon,Waterbury,MB,Donec.fringilla@sodalesat.org,(197) 726-8249,false,false,false,,false,true,,true,,
11,MFN29TYU,Anika,Huff,Rawlins,MT,arcu.Curabitur@senectusetnetus.com,(419) 147-8207,,,,true,,true,,,,
12,FVK28WAS,Bruce,Beck,Kona,OH,ac@velit.ca,(617) 527-9908,,,false,,,false,,,,
13,QTF33MCG,Henry,Cochran,Bossier City,QC,Aliquam.vulputate.ullamcorper@amalesuada.org,(783) 105-0989,,true,,,,,true,true,true,
14,OVQ88RKY,Mallory,Farrell,Villa Park,ID,vel.est@velitegestas.edu,(711) 160-7386,,,,,,true,,,false,
15,OWU78MTR,Scarlett,Mayer,Gadsden,GA,lorem.ipsum@Vestibulumante.com,(189) 882-8412,true,false,true,,,true,,,true,
16,ZMG93CDD,Kieran,Drake,Hot Springs,BC,molestie.tellus@dapibusgravidaAliquam.com,(192) 914-0016,,true,true,,false,,true,true,,false
17,WWZ18EOX,Cody,Moss,Mobile,ON,dolor.nonummy@ipsumdolorsit.ca,(412) 488-2896,false,false,,,,,false,,false,false
18,VDP05MXU,Germaine,Valdez,Kokomo,WY,cursus.Integer@arcuVestibulumante.com,(998) 879-8668,,true,true,,true,true,,false,true,true
19,CXQ97IWP,Amal,Landry,Lomita,NT,euismod@turpis.org,(891) 526-1468,,false,true,,true,,,false,false,true
20,VJT98ZQY,Jane,Dyer,Sharon,NH,et@Nunclaoreet.ca,(411) 638-5867,,true,,false,,false,,,true,false
21,JEO48YJJ,Ralph,Bird,Charlotte,NM,justo.nec.ante@quismassa.edu,(599) 126-0366,,false,false,,false,,true,false,,true
22,RHT62AGI,Hermione,Trevino,Walnut,WI,non.justo.Proin@ametconsectetuer.edu,(245) 110-6540,,true,,false,false,,,true,false,
23,HOH86KXG,Vielka,Glass,Fort Worth,MB,non.ante.bibendum@porttitortellus.org,(170) 580-0881,,,,,,,true,,,
24,KJQ48LNY,Driscoll,Herring,Buffalo,CT,eros@blanditatnisi.org,(219) 705-8986,,,,true,,,true,false,true,
25,IFJ28JVS,Ezra,Perry,Florence,NU,et@Nuncquisarcu.org,(818) 374-8925,,false,false,,,true,,,,
26,XBG73AGE,Wing,Jennings,Roswell,WI,non@enimsitamet.edu,(906) 717-9510,false,true,,,,,,,false,true
27,KOY02CVE,Martina,Wiley,El Cerrito,NT,augue@Donec.ca,(163) 567-9422,,true,,false,false,true,,true,,true
28,GOK50CHC,Kellie,Mcdowell,Henderson,NU,cursus@pedeacurna.edu,(409) 921-6869,,,true,,,,,,,
29,HUH27PKK,Helen,Avery,Garland,PE,in.faucibus.orci@ultrices.edu,(385) 925-3875,,false,,true,,,,true,false,
30,HMF84NKS,Guy,Cochran,Effingham,NU,Nullam.enim@Maecenas.com,(757) 207-0052,,true,,,true,,,,,
31,DCF82GRJ,Emerald,Chan,Nenana,NU,fermentum@asollicitudin.ca,(329) 235-3570,,,false,,true,,,false,,false
32,BFR93AMT,Macy,Dunlap,Ruston,OH,magnis.dis.parturient@iaculisodioNam.edu,(774) 511-4516,true,true,,,,false,true,,,false
33,PFD07GEF,Shafira,Glenn,Starkville,WA,at@Duis.com,(313) 679-6310,true,false,true,true,false,false,,,,true
34,SYS05NZE,Tamekah,Caldwell,Connellsville,NY,sapien.molestie.orci@Vestibulumaccumsan.edu,(209) 400-4636,,,false,false,,,,,false,
35,QRV60YSK,Kitra,Blanchard,Bellflower,SK,quam@facilisisvitaeorci.ca,(319) 837-9364,false,,,,,false,true,,false,
36,AOA93JSJ,Quemby,Glenn,San Marino,RI,mauris@magnaUt.com,(950) 546-9951,,,,,false,false,,false,,true
37,ETK12XWE,Renee,Hardin,Gardena,YT,risus.Donec.egestas@Suspendissecommodo.edu,(337) 469-2711,false,,,false,,,,true,true,
38,ZID76UPY,Lana,Ruiz,Bradbury,BC,molestie.dapibus@Morbinequetellus.org,(479) 270-8296,,true,false,,false,,,true,false,true
39,VGN74HUG,Lana,Ross,Vicksburg,NH,mi.lorem@nunc.edu,(124) 868-4475,,,,false,false,true,,,,false
40,ZUN45DHB,Lev,Albert,New Brunswick,MT,porttitor.tellus@tempor.ca,(968) 686-8596,,false,false,true,,false,,false,false,
41,KJZ19UUX,Gloria,Rodriguez,Methuen,PE,et.netus.et@enim.ca,(632) 166-9054,,true,true,true,true,true,,false,false,false
42,GJJ53BFI,Britanni,Rojas,Pueblo,NC,enim.gravida@placerataugue.edu,(391) 928-5730,,,true,,,,,true,,
43,FQH35NEC,Daniel,Levine,Chattanooga,ON,et.tristique@penatibuset.org,(417) 343-8139,,,false,false,true,false,false,,true,true
44,PCT24DQH,Ezra,Woods,Coral Springs,PE,in.lobortis.tellus@bibendumDonecfelis.edu,(417) 591-6305,,,,false,,true,,false,,
45,ILZ19ZGO,Erica,Fowler,Baldwin Park,NL,arcu.Vestibulum@Sedet.org,(574) 580-1144,,true,,false,,false,,,,false
46,GKA79VTB,Winifred,Cherry,Little Rock,MB,lorem.fringilla.ornare@Cras.ca,(253) 672-9044,true,false,false,,,,true,false,,
47,IIK79DYX,Cara,Hampton,Hidden Hills,AB,quis@sitamet.edu,(776) 152-8573,true,true,false,false,,,,false,false,false
48,RPX37LOP,Yardley,Farrell,West Covina,TX,morbi.tristique@tortor.ca,(422) 145-8712,false,false,,true,true,false,,false,true,
49,TNP95CNK,Sigourney,Peterson,Phenix City,AK,ornare.facilisis.eget@sociisnatoquepenatibus.edu,(716) 869-7786,false,,false,,false,true,,true,true,true
50,AKT72KRB,Chase,Lamb,Norton,BC,lectus.convallis@suscipitest.com,(300) 812-5915,true,false,false,,false,,false,,true,
51,YQL95PGC,Kirby,Irwin,Olean,MB,dui@Curabituregestas.org,(487) 980-0886,,true,true,,true,false,,false,,true
52,ZKS73PUJ,Jocelyn,Montgomery,Alameda,TX,ridiculus.mus.Proin@augue.ca,(176) 496-9482,,,,,false,,,,true,
53,RHV26VXQ,Deborah,Reyes,Torrance,ON,lacinia.mattis@tempor.ca,(191) 534-8337,false,,,false,false,,,false,,
54,IOU50DXZ,Keith,Dennis,Providence,MB,libero@ultricesVivamusrhoncus.ca,(492) 702-4360,false,,,,false,false,,false,,
55,NNU82WBS,Dacey,Norman,Rolling Hills,BC,Nulla.tincidunt@ametconsectetueradipiscing.ca,(847) 867-4990,,true,false,true,,false,,,,false
56,MHU11LZP,Howard,Wiley,Oklahoma City,NU,accumsan@vulputateullamcorper.ca,(277) 315-5682,,false,true,false,false,true,false,false,false,true
57,EWK81OLS,Coby,Fuller,Williamsport,MO,purus.Duis.elementum@inmagnaPhasellus.ca,(656) 549-2454,,false,true,,true,,true,true,false,
58,DYP75ASU,Kasimir,Dudley,Fairbanks,MI,egestas.a.scelerisque@utnisi.edu,(505) 893-6588,true,,,,,,,,false,true
59,LJS91QHU,Colette,Clay,Oxnard,AK,dictum.augue.malesuada@arcueu.edu,(940) 798-8341,,true,true,true,true,true,,,true,
60,RGR79QRV,Wesley,Casey,Waukegan,MB,diam.luctus.lobortis@ut.ca,(895) 814-9925,,,,true,false,true,,,false,false
61,FQZ74DGJ,Brittany,Levine,Topeka,NT,nibh.Donec.est@et.ca,(786) 614-7801,false,,,false,,,,false,false,
62,ZBE56HCI,Chase,Chase,Lebanon,IN,vehicula@Curabitur.org,(510) 428-3464,false,,,,,false,,false,true,
63,QOY69EOH,Liberty,Ellison,Port Arthur,NB,vitae@bibendum.ca,(215) 531-0489,true,false,false,,false,,,,true,
64,WMG49PPZ,Ainsley,Jenkins,Yigo,CO,ridiculus.mus@duiCumsociis.com,(897) 194-4114,,,true,false,,,true,false,,
65,ZIX73XEV,Allegra,Ford,Durant,NE,augue.scelerisque@pellentesque.edu,(512) 399-1427,false,false,,true,false,false,false,false,true,
66,TZE02EAL,Miranda,Duncan,Corvallis,MA,tellus.Aenean.egestas@Cumsociis.com,(294) 268-7963,,,false,false,,false,,false,,true
67,TWU10MZT,Herman,Myers,Basin,PE,Mauris@neque.com,(471) 895-6189,true,true,,true,false,,false,true,,true
68,NIP61OFT,Piper,Barrett,Pendleton,NU,non@Nunc.ca,(952) 503-3754,false,true,true,,true,,true,true,,
69,RCU95VIX,Knox,Snider,Hartford,MB,dictum@Morbi.org,(919) 878-3610,false,true,,,,true,true,,false,
70,BAL08EYF,Sierra,Berg,Falls Church,ON,elit.pede@ipsumdolorsit.org,(832) 809-9193,,,false,,,false,false,true,true,
71,DIE31HJC,Jaime,Fleming,Jeffersontown,MO,massa@purus.ca,(646) 109-9784,,true,true,false,,true,,,,
72,EUZ88BTS,Rajah,Martin,Brunswick,GA,sollicitudin.a@Nuncut.edu,(986) 509-5037,,false,true,true,,false,true,,,false
73,JVA02BZU,Benedict,Francis,Marshall,NL,fermentum@Nam.ca,(664) 620-8510,false,,,false,,true,true,false,,
74,RCY16FGO,Randall,Hayden,Nichols Hills,NB,libero.mauris@lobortisrisus.com,(169) 758-6995,,,,,true,,,false,,false
75,GZW27KBL,Eugenia,Zimmerman,West Haven,PE,dictum@euismodurna.ca,(209) 244-9857,true,,false,false,,,false,false,,true
76,UWR70CFA,Walter,Pacheco,Saint Joseph,MN,Vivamus.sit@fermentum.edu,(324) 625-1370,,true,true,,false,,true,true,,true
77,FYX65DFQ,Justina,Wells,Placentia,IN,Duis.ac@et.com,(953) 531-4965,false,false,,,true,true,,true,false,
78,MBZ85IBZ,Dexter,Pacheco,Lock Haven,QC,Nulla@etmagnis.org,(394) 828-6178,,,,false,,true,,true,false,
79,TKE12MZX,Matthew,Reilly,Rancho Palos Verdes,SK,metus@Lorem.org,(572) 508-4675,true,,,,,,,,,
80,UWC03FYT,Ruby,Mullen,Fort Wayne,NJ,nisi.nibh.lacinia@augue.com,(555) 756-9691,,true,,,true,,,,true,true
81,FNM72BJE,Priscilla,Foster,Fulton,QC,sed.hendrerit.a@elementum.org,(399) 929-1170,,,,false,,,,,false,true
82,SHP62WQI,Aladdin,Haney,Huntington Park,CO,mi.enim.condimentum@arcuac.org,(976) 615-7719,true,false,,,true,,,,,
83,IGQ98TMP,Kirby,Mcfadden,Lynwood,NL,non.massa@sapienCras.ca,(429) 722-1849,,,false,,true,,,true,false,
84,ALT91ZFJ,Tashya,Michael,Eugene,VT,ligula.Donec@Pellentesquehabitantmorbi.com,(576) 811-4606,true,false,,,true,,false,,false,
85,NUL15OGA,Deborah,Ellison,Port Orford,YT,id@Suspendisse.com,(806) 309-6587,true,,,,false,true,true,false,true,
86,JEK04LAC,Xyla,Stuart,Stamford,QC,enim.gravida@atnisi.edu,(279) 268-8977,,,,true,,false,true,,false,false
87,DUF19VXU,Reese,Merrill,Marietta,NC,odio.Nam@velarcuCurabitur.ca,(948) 934-4344,true,true,,true,false,false,true,true,,
88,XFG71PDO,Whitney,Mathews,Abilene,MS,eu.enim@suscipit.org,(863) 151-8147,,true,false,false,false,,,true,false,
89,SZJ09XEV,Aidan,Miranda,Muncie,NT,scelerisque@euismodet.com,(225) 364-9590,true,true,,false,false,,,false,true,
90,JFT95KJK,Yuli,Gordon,Lockport,PE,diam.eu@egestas.com,(253) 868-2942,,false,false,false,false,,true,,,
91,VHW10NAJ,Keaton,Hinton,Minot,NS,neque.tellus.imperdiet@Fuscealiquam.edu,(560) 728-9205,,,,true,false,,true,,false,
92,HYP36WEQ,Brittany,Crane,Charlotte Amalie,MT,nibh@ut.com,(606) 574-8591,true,,,false,false,false,,true,,false
93,UND40VWX,Halla,Rosario,Yukon,NL,dictum@mi.org,(200) 340-0223,,,true,false,true,false,false,,,
94,TIJ86UXR,Ariana,Cobb,Baltimore,NB,In.nec.orci@semmagnanec.com,(432) 793-7979,,true,,,,,true,,,
95,UML92KIA,Geraldine,Beck,Albuquerque,CO,magna@euligula.ca,(801) 596-7010,,true,true,false,,,true,,,false
96,TVH83FMC,Destiny,Medina,Cudahy,NL,tempus.non.lacinia@tristiquepellentesquetellus.ca,(262) 452-8127,,,false,,false,,true,,true,false
97,SXB93OEE,Palmer,James,Vancouver,SK,ornare.elit.elit@necmalesuadaut.ca,(561) 927-2931,true,true,true,,false,,,,false,
98,CSR16XYV,Timon,Flynn,West Palm Beach,AZ,aliquam@euarcu.edu,(643) 153-4117,,false,true,true,false,false,,,false,true
99,IKK64ZYX,Blaze,Bradley,New Haven,NT,nulla.at@cursusa.ca,(466) 609-8359,,,true,true,true,true,,,false,
100,IQR92SXB,Allistair,Houston,Allentown,MB,placerat.eget.venenatis@velit.org,(156) 900-1995,,true,true,,false,,,,,true
101,LQN05OCS,Jasper,Ashley,Dalton,PE,et.magna@ametultriciessem.ca,(583) 698-6414,,true,false,,,false,,,true,
102,QPK92KVX,Sierra,Watson,Henderson,YT,vel.lectus@acfeugiat.ca,(594) 618-7374,,,false,,false,true,true,true,true,
103,IRL82OQA,Urielle,Glenn,Kettering,NY,risus.Morbi@venenatislacus.com,(484) 233-9294,,false,true,,,,true,,,true
104,BGQ43ZVI,Cecilia,Reynolds,San Gabriel,HI,amet.ante.Vivamus@mollis.org,(440) 127-2698,true,true,,,,true,,,false,
105,XOG85OQU,Cora,Maynard,New Brunswick,QC,quam.Curabitur@veliteusem.edu,(935) 975-0633,false,,,false,true,,,true,false,false
106,JOU84NMP,Brock,Skinner,Winston-Salem,SK,Suspendisse@adipiscingelit.com,(367) 697-3636,,,true,,,,false,,,false
107,HSY03VTR,Jocelyn,Bullock,Grand Junction,ON,Cras.dictum@velquam.org,(859) 140-4532,,true,true,,,false,,,true,true
108,NRH47SMF,Chloe,Robles,Jordan Valley,ME,laoreet.ipsum.Curabitur@atlacus.com,(871) 386-5364,,true,false,false,true,true,,,true,true
109,FPL38HZK,Lucian,Montgomery,Shawnee,WY,quis.pede.Praesent@et.ca,(225) 842-8797,true,false,,false,,true,,true,,
110,OHZ00MIX,Dara,Dixon,Philadelphia,TX,nisi.sem.semper@tempor.edu,(311) 339-1237,,,,true,true,true,,false,true,
111,XMN07VZX,Brock,Gill,North Tonawanda,MN,arcu.Vestibulum@augue.edu,(199) 935-7504,false,,false,true,,true,,,true,false
112,YRA96KNJ,William,Miller,Santa Fe,ON,eget.metus.eu@montesnascetur.ca,(137) 873-0128,false,false,,,,true,,false,,
113,WDE69ZZZ,Bethany,Christensen,Sonoma,MN,nec.metus@neceleifend.com,(701) 635-6866,false,false,false,true,,false,true,false,true,true
114,BPO22XTW,Preston,Harding,Meadville,ON,Nullam.lobortis.quam@Nunc.ca,(465) 740-5900,true,,,true,,false,,,,
115,NWN06ZDD,Theodore,Castaneda,Davenport,PE,tristique@nuncInat.ca,(835) 349-5612,,true,true,true,true,,false,false,,false
116,IUM80YVR,Lani,Wilder,Vernon,WI,ultrices.sit@Maecenaslibero.edu,(584) 675-3089,,,,false,true,true,true,false,,false
117,KFF87ALE,Bell,Fitzpatrick,Boise,BC,ante.blandit.viverra@variuset.edu,(459) 405-2266,,,,,,,,true,true,
118,OOX48YZD,Danielle,Obrien,Rock Springs,OR,consectetuer.adipiscing@sapiencursusin.com,(187) 712-5771,false,false,,,,,,false,,true
119,WVL55OVC,Gareth,Martinez,Danbury,OK,consectetuer.adipiscing.elit@odio.ca,(260) 985-5960,false,true,false,,,true,,false,false,
120,DMJ24GUZ,Chiquita,Hubbard,Alhambra,PA,felis.purus@tellusnon.ca,(674) 513-0403,true,false,,false,true,true,true,true,false,true
121,AQI41NWD,Aaron,Smith,Malden,QC,Nulla@metusInlorem.edu,(357) 322-0822,true,,,true,true,false,,,true,
122,ALY77FAU,Aurelia,Ferrell,Attleboro,YT,rhoncus.Proin@consequat.ca,(795) 320-3562,false,,false,false,,,false,,true,
123,QZR22XGQ,Jarrod,Stephens,Tucson,MB,a@dui.ca,(481) 863-2600,true,true,true,,,true,false,true,,
124,RNM82CGO,Rama,English,Monterey,ON,ac.facilisis@tellus.edu,(238) 209-0827,true,,,false,false,,true,false,,
125,NMK46LIS,Eugenia,Mitchell,Lock Haven,MT,Phasellus.nulla.Integer@sit.com,(895) 694-5190,,true,,,,,false,,,true
126,RTV23TTY,Stacey,Norman,Williamsburg,NY,urna@hendreritDonec.ca,(879) 754-1264,,,,,,true,,,,
127,JAQ37EUX,Guy,Holloway,Hope,WA,aptent.taciti@scelerisqueduiSuspendisse.com,(192) 914-3979,,,,false,,true,,true,false,false
128,JWL67QDE,Kieran,Torres,Benton Harbor,PE,in.faucibus.orci@velconvallisin.edu,(478) 291-9889,false,,true,,,false,,true,false,false
129,JCE22ELF,Zenia,Giles,Chandler,NU,luctus.felis.purus@sitamet.ca,(648) 695-1614,,false,false,false,true,,,true,,
130,ZQC82ALK,Nayda,Mcgee,Santa Rosa,HI,elementum.at@felisullamcorperviverra.edu,(230) 145-5906,true,true,false,true,false,false,,true,,
131,UNX85IKD,Dylan,Lamb,Rome,NB,scelerisque.sed.sapien@nectempusmauris.ca,(603) 200-8725,,,false,,false,,,,false,
132,FXH60JQV,Bo,Trevino,Hawaiian Gardens,RI,libero.Proin.sed@miDuisrisus.org,(420) 536-7711,,,true,false,true,,,,,false
133,LBN45WCH,Maryam,Finch,Hope,RI,mattis.Cras@aliquamenimnec.org,(329) 734-0178,true,,,,true,false,,true,,
134,ESW14FPM,Heidi,Fernandez,Fort Worth,HI,Donec@luctus.edu,(209) 316-1986,,false,,true,,true,,true,,
135,RKV66ZIW,Teegan,Caldwell,Laramie,NB,nec.leo@Cras.org,(695) 437-3200,true,true,false,true,false,,true,,,
136,BAB64JJV,Luke,Hess,Terre Haute,FL,amet@et.com,(818) 705-2376,true,true,false,,true,false,true,,false,true
137,MJT20WWI,Carla,Mendez,Alamogordo,MI,arcu.Morbi@dui.org,(853) 933-2833,,true,false,true,,true,,,,
138,XVI27SQB,Kenyon,Whitaker,Kankakee,SK,viverra.Donec@purusac.com,(460) 185-1775,false,,true,,,,true,,true,false
139,DAU10PTG,Garrett,Howe,Rockford,BC,scelerisque.scelerisque.dui@acurnaUt.com,(343) 532-7496,,false,true,,false,false,,,true,
140,BLA39IRS,Richard,Mcpherson,Hermitage,QC,gravida.sit.amet@ullamcorper.ca,(837) 956-9817,,false,false,,false,true,true,,true,true
141,RRB46OBP,Howard,Day,Honolulu,NT,metus.facilisis.lorem@Quisquevarius.ca,(458) 915-1828,true,false,true,true,true,false,false,,,true
142,WDH70KHF,Dante,Leblanc,Beaumont,MA,iaculis.aliquet@aclibero.ca,(598) 791-9159,false,false,true,,false,,,true,,true
143,ABS88QAU,Raphael,Leon,Roseville,PA,quis.diam.luctus@amet.edu,(902) 343-0472,true,,,true,,true,,,,
144,UCX04JKN,Ria,Cline,Reedsport,OR,neque.tellus.imperdiet@Ut.ca,(225) 768-1687,true,true,true,,true,false,false,true,,true
145,STB25RBQ,Frances,Trujillo,Honolulu,NV,amet.risus.Donec@arcuiaculis.edu,(517) 661-5233,false,,,,,,,false,,true
146,YAU66LUD,Martena,Conway,Liberal,MD,Donec@vulputateullamcorpermagna.org,(388) 592-3962,false,,,,false,,true,,true,
147,ONQ40ORK,Lacey,Gallegos,Plymouth,NY,quis.urna@Phasellusfermentumconvallis.edu,(504) 480-6165,,,,true,,,,,true,true
148,CIU56POH,Rajah,Dillon,Spokane,OK,ipsum@maurisrhoncus.com,(757) 360-3602,true,,true,false,,true,false,,,
149,SVY40ONL,Dillon,Lang,Quincy,QC,nec.tempus.mauris@fermentum.ca,(507) 278-5307,false,,,,,,false,,true,true
150,VEZ53SJW,Bradley,Hood,North Chicago,ON,placerat.augue.Sed@tristique.edu,(514) 574-7416,,false,,true,,true,,false,,
151,GWZ63SBC,Brittany,Colon,Saipan,NB,Nunc.mauris@luctusipsum.edu,(869) 774-5985,,false,false,,true,,,true,,
152,HWA16TQE,Nathan,Kinney,Racine,DC,Quisque@nondapibusrutrum.edu,(506) 243-1053,,true,,true,,,,,true,false
153,BLE66OZT,Lysandra,Mays,Bradford,NJ,lacinia.at@conguea.com,(989) 933-0389,,true,,,false,,,true,false,
154,WLQ73YDJ,Diana,Wynn,Fort Smith,NS,gravida@acfacilisisfacilisis.org,(579) 799-5849,,true,true,,false,,true,false,true,false
155,IOE23BFW,Travis,Oconnor,Shelton,VT,velit.egestas.lacinia@aliquet.org,(956) 732-3300,,,true,,false,true,true,,false,true
156,TWM35VPY,Clare,Nelson,Weymouth,NU,libero.lacus@mollis.org,(883) 482-8410,,false,false,false,true,false,false,true,true,false
157,FWJ53FTF,Maile,Spencer,Fountain Valley,YT,Curabitur@acmi.ca,(243) 614-2118,,true,true,,,false,true,,true,
158,HMD60GBJ,Hanae,Cross,Champaign,NS,Quisque.imperdiet@nuncnullavulputate.ca,(927) 205-2037,,true,,false,false,true,,true,true,
159,NFS23UVO,Ryan,Chambers,Elko,MB,In@duiFuscediam.org,(524) 466-1236,,,false,,,,false,false,,
160,NOO90FQE,Jade,Barry,Seattle,VA,orci.Ut@semperpretium.ca,(730) 223-7375,,,false,true,false,,false,true,false,
161,ZDA02GKA,Malik,Conner,New Castle,KS,urna@elementumategestas.ca,(513) 316-9160,false,,,true,,,false,,,
162,AQN39SAW,Sean,Nichols,West Covina,NT,arcu@a.ca,(600) 363-2963,,,,false,true,,false,,,true
163,OGO65EXV,Carissa,Lang,Cheyenne,MN,Nunc@quis.edu,(920) 474-7294,false,false,true,false,,,true,,false,
164,LIP56JZK,Micah,Walton,San Mateo,MD,scelerisque.neque.Nullam@odio.org,(799) 765-1715,,true,,,,,,false,false,
165,TEY68OEB,Gray,Gay,Moraga,TN,ante@rhoncus.com,(585) 913-7389,true,true,false,false,true,true,,true,,true
166,AMI53NXC,Sheila,Pena,Asheville,MT,Sed.id@eu.org,(602) 554-2478,,true,false,,,false,,false,true,
167,KXI64VCR,Eleanor,Santana,Lynchburg,PE,diam.at.pretium@sedtortorInteger.org,(346) 492-9117,,,true,true,false,true,true,false,,
168,EMS88QBU,Phyllis,Dodson,Missoula,ND,magna.Phasellus@loremlorem.ca,(668) 464-2966,,true,true,false,false,,false,true,false,
169,AYQ83HGO,Deborah,Watts,Cranston,NS,non@quamdignissimpharetra.ca,(400) 392-9599,true,,true,,,,true,true,true,true
170,NBO53LVI,Amy,Saunders,Frederiksted,YT,dolor.elit.pellentesque@arcu.com,(374) 461-3689,,,false,false,false,,,,,false
171,EDA64STV,Hannah,Neal,Revere,PE,Quisque@mattis.com,(189) 723-1969,true,,true,,false,false,true,,false,
172,UKK70QBF,Kitra,Mueller,College Station,NL,Cras@a.edu,(790) 996-3146,false,,,,,true,,,,true
173,VRV86TNA,TaShya,Wilkins,Palo Alto,NT,eu.turpis@vitae.com,(560) 400-7825,false,,false,,false,true,true,true,,
174,OUI61JQY,Carla,Simpson,Lynn,WI,nunc.id@ornare.org,(962) 642-3454,false,,true,true,,,,,,
175,QBL87XAD,Emmanuel,Mann,Myrtle Beach,SC,Proin.vel@tortor.edu,(652) 752-8558,false,,false,true,,,,true,,
176,FTY44NTI,Beck,Francis,Cape May,ND,dui.lectus@dictumsapienAenean.edu,(272) 101-6956,,true,false,,,,false,,true,
177,UKV94WEC,Rachel,Pruitt,Saint Paul,OH,magna.Nam.ligula@enim.ca,(274) 657-6972,,,false,false,,,false,true,false,true
178,FSR62FMY,Cadman,Contreras,Connellsville,NL,libero.Proin.sed@erat.edu,(592) 583-1313,false,true,false,true,true,,,false,,false
179,MDD75AAS,Herman,Cook,Belpre,IN,pede@amalesuadaid.ca,(790) 605-5389,true,,,false,,false,true,false,true,
180,STX83XIX,Elvis,Burton,Utica,NB,eget.lacus@vitaedolor.com,(758) 207-8265,,,false,,,false,,true,,
181,DXD90ESW,Hillary,Herman,Highland Park,AK,nulla.Donec.non@estmauris.edu,(948) 478-9337,true,false,,,false,false,false,,,false
182,TYR53KMJ,Owen,Serrano,Catskill,NB,ultrices.mauris@egestasadui.edu,(547) 511-5412,,,,true,,,,false,,
183,PRR31VLU,Ebony,Montoya,Avalon,PE,Integer@Etiamlaoreetlibero.org,(888) 713-3349,true,false,,,,,,false,,
184,TVX65AZX,Hermione,Jacobs,Sierra Madre,YT,Vestibulum@non.ca,(582) 514-4465,true,,true,true,true,,false,true,,
185,YRT11WQP,Gary,Gentry,Cincinnati,AK,in@ullamcorperDuis.com,(574) 835-4376,,false,,,,true,,true,true,
186,AMK43TAW,August,Roberts,Madison,NU,eu.placerat.eget@maurisutmi.edu,(485) 280-0466,,true,false,,,,true,,false,true
187,EFN74KTN,Serina,Haley,Corpus Christi,NJ,neque@justo.org,(270) 240-5376,,false,true,false,,,false,,true,
188,EQD28PGJ,Timothy,Wilkins,Barrow,LA,vitae.posuere@Donecest.org,(946) 691-0385,false,false,,,,false,true,true,,
189,HYV96TBP,Belle,Terrell,College Park,CA,Nunc@Integerinmagna.com,(192) 250-6024,,false,,false,false,,false,false,,
190,LHU64ISD,Irene,Alston,Mequon,NU,odio.Aliquam.vulputate@liberoIntegerin.com,(676) 228-8619,false,,false,false,true,true,,,true,false
191,XDA52HJC,Xerxes,Lott,Apple Valley,YT,facilisis@acmattis.com,(379) 111-4890,,false,,true,true,,false,false,false,true
192,QZI60NTM,Georgia,Pratt,Lincoln,PE,arcu@auctorvitaealiquet.ca,(782) 176-9031,true,true,,true,,,true,false,,
193,VSW07PUQ,Louis,Brown,Rolling Hills,AL,placerat@pharetrautpharetra.edu,(121) 999-7108,,true,true,false,false,,,true,true,true
194,ZOV05VBH,Abra,Bond,Columbus,CT,sollicitudin@lacuspedesagittis.org,(315) 920-6876,,true,,,true,,false,true,,false
195,MWK08RDN,Kathleen,Sparks,Chesapeake,GA,ligula.Nullam.feugiat@risusDonec.com,(204) 196-9809,,,true,,true,true,true,true,false,true
196,MEY91XOE,Nora,Mitchell,Carson,WV,viverra.Donec@luctus.edu,(709) 287-9430,,,,false,true,true,,true,,true
197,GLV16SYO,Beverly,Gilbert,Monongahela,NS,vulputate@pellentesquetellus.edu,(478) 178-5417,,,false,,,false,,,,true
198,AIO93JTY,Reece,Tucker,Pendleton,SD,enim.Sed@Inscelerisquescelerisque.ca,(154) 585-6356,,true,true,false,,,false,,true,
199,QFW17UQL,Bevis,Dale,Cedar Falls,NY,at.iaculis.quis@Duisvolutpat.ca,(971) 232-3589,false,true,,true,,true,,,,false
200,WQU08CGE,Nathan,Blackwell,Clarksburg,ID,nisl.arcu@sodalesMauris.edu,(930) 572-7946,true,false,,,false,,true,,,false
201,MTO52HVZ,Coby,Gaines,Newport,SK,nonummy@porttitoreros.org,(468) 314-3447,,,,,false,true,true,true,false,false
202,TCR53UBT,Conan,Knox,Lufkin,DC,Mauris.nulla@magnisdis.ca,(295) 271-9780,,false,false,false,,true,,,,
203,HRA88UYV,Karen,Richardson,Spokane,NM,cursus.a@intempuseu.com,(479) 399-2747,,,true,false,true,true,,,,
204,UJE76BTX,Shellie,Charles,Newport Beach,OR,volutpat@purusNullam.org,(345) 893-9053,,,,,true,true,false,,,true
205,MZL07KKT,Howard,Terrell,Belpre,NS,dictum.eu.placerat@porttitorvulputateposuere.ca,(687) 348-7695,,,,,,,true,,true,
206,TRJ59VKT,Jescie,Gross,Fort Smith,QC,pretium@Curae;Phasellus.com,(806) 203-3192,,true,true,true,true,,true,false,,false
207,VMK56LWA,Kirsten,Rosales,Eau Claire,PE,metus.eu@ametfaucibusut.org,(707) 997-5188,false,false,false,true,,true,,,false,
208,UWK58HHK,Ifeoma,Burris,Fernley,IL,egestas.Sed@vehicula.ca,(323) 146-1862,,,,true,false,,,,false,true
209,ZWD39NAC,Harrison,Melton,Hollister,NT,nec.euismod@erat.org,(127) 170-3165,true,,true,false,true,false,,,,false
210,SRT47MND,Merrill,Chan,North Little Rock,NS,eu@tortordictumeu.org,(851) 362-2252,false,true,false,,false,false,,false,false,
211,VXX01NGK,Plato,Shepherd,Peabody,VT,euismod@egestas.ca,(189) 293-0192,,,,,,false,,,,
212,WGT84RFN,Ray,Clemons,Sault Ste. Marie,NE,Phasellus@enim.org,(510) 742-9457,false,true,,,true,true,true,,false,false
213,QHJ70VYZ,Gannon,Lowe,Rhinelander,YT,Nulla.interdum.Curabitur@euarcuMorbi.edu,(427) 393-5527,,,false,true,,,,true,true,false
214,UAM52KXW,Aidan,Bryant,Monrovia,NM,ac@velitAliquamnisl.edu,(132) 673-1538,,false,,,,false,true,true,false,true
215,MVZ73SEM,Daquan,Lang,Half Moon Bay,NL,Nunc.mauris@mattis.ca,(323) 413-1924,true,true,true,true,false,false,false,true,true,true
216,RFW06YKT,Steel,Osborn,Columbus,NU,Donec@egetmetuseu.edu,(749) 221-7085,false,,,false,true,,true,,true,true
217,PLI56OSI,Kylee,Leon,Sugar Land,NU,Aliquam.ornare.libero@idante.org,(216) 693-6721,false,true,,true,true,true,false,,true,
218,ILQ00NKQ,Finn,Navarro,Revere,QC,posuere.cubilia.Curae;@acrisusMorbi.edu,(727) 398-7875,,true,true,false,,true,true,false,,
219,FYX02XXZ,Oren,Oneill,Mankato,QC,ultricies.ornare@et.edu,(619) 604-4584,true,true,,false,true,,,,,
220,FUK14NPV,Alea,Henson,Eden Prairie,VA,consectetuer.rhoncus@semconsequat.org,(207) 446-5295,,false,true,false,,,true,true,,
221,UGO56ADE,Donna,Barker,Port Washington,ON,risus.Duis.a@elit.ca,(880) 658-4105,,,,,false,,,,false,false
222,YRE93SVT,Sydnee,Vazquez,Fresno,MO,at.pretium.aliquet@feugiatLorem.ca,(531) 642-8018,false,true,true,false,true,,false,,,
223,JSN53AUD,Ann,Tucker,Aberdeen,KY,lacus.Cras@vestibulumneque.com,(204) 798-6603,false,true,false,true,,true,true,,,
224,MMV91VVW,Iona,Stephenson,Christiansted,CA,sem.Pellentesque.ut@vulputate.org,(243) 141-3156,,,,,true,,,false,,
225,FHI63TUT,Tamekah,Ford,Guayanilla,NL,Vivamus@elementumdui.org,(449) 255-9695,true,false,,,,false,,,,
226,KVH49WZW,Jin,Sweet,Kennewick,MB,quis@nonantebibendum.org,(872) 422-4262,true,false,false,,,,false,true,false,false
227,UMZ98FGH,Imogene,Velazquez,Lock Haven,AB,egestas.rhoncus@libero.ca,(210) 184-6709,,true,,true,true,true,,,true,false
228,MYO50JBS,Beau,Carey,New Madrid,NT,primis@erat.edu,(181) 921-2878,false,,true,false,false,,true,false,false,
229,NFO61UWI,Madeline,Mccall,Charleston,MB,molestie.dapibus@Maecenaslibero.com,(335) 420-9382,true,true,,true,,true,,true,,
230,JMY88DYW,Josiah,Rutledge,Brea,MD,gravida.molestie.arcu@venenatis.com,(680) 517-1910,,,false,true,,,false,,,true
231,LHQ48VGX,Scott,Head,Yigo,YT,ligula.Donec@ataugueid.org,(158) 101-5435,,,false,,false,,,,,
232,PJV44YQA,Hamish,Wilson,Melrose,CO,tincidunt.nibh.Phasellus@mauris.com,(729) 933-1941,,true,false,,false,true,false,false,,
233,IZS28CQB,Allistair,Bryant,Easthampton,NL,neque.vitae.semper@pede.ca,(217) 171-0948,,,false,,,false,,,false,true
234,JVC18WGW,Reed,Ochoa,Rawlins,NE,Nam@Aliquamvulputate.ca,(524) 754-7942,false,false,true,,false,,false,,,
235,BUO54CAG,Amela,Joyce,La Habra,ON,nisi@sagittislobortismauris.ca,(670) 361-3546,true,true,,,,,false,true,,true
236,BFL14DIV,Nayda,Pierce,Lynn,NU,magna@enimcondimentum.edu,(866) 657-3395,true,false,,false,false,true,false,,true,true
237,DNR71EMM,Keith,Horne,Woburn,CT,lorem.lorem@consequat.com,(254) 849-0650,,,,false,,true,,true,false,
238,SIQ12BAG,Mercedes,Mclean,Eugene,YT,amet.faucibus.ut@necmetus.ca,(728) 662-5627,false,,true,,true,false,true,,,false
239,SJL59CWM,Natalie,Britt,Edina,MN,dictum.eleifend@nisi.com,(941) 138-4633,,,true,false,,true,,,false,
240,YHF13OYW,Charity,Dominguez,Columbia,NS,ipsum@acmetusvitae.ca,(485) 927-9364,false,,true,,,,,,false,true
241,BWL68RKU,Yardley,Arnold,East St. Louis,KS,elit.a.feugiat@eu.ca,(621) 368-7360,false,,true,false,,,true,,false,
242,DAX23PBC,Ulla,Pacheco,Bowie,PE,placerat.Cras@eratEtiamvestibulum.ca,(930) 190-4167,false,true,,true,,true,,false,false,
243,EZJ20HHN,Ivory,Waters,Fall River,AB,odio.a@loremipsum.com,(649) 554-3747,false,true,false,false,,false,true,true,,
244,KVA33OVS,Gage,Estrada,Irwindale,MB,ac.mattis.semper@eteros.org,(920) 495-0872,,true,,,true,,,true,,
245,VEN95MNR,Elmo,Curry,Tonawanda,MT,netus@sagittislobortis.ca,(349) 474-1484,false,,false,,false,,true,,false,false
246,BHW06RLV,Buffy,Duncan,Falls Church,KY,fermentum.vel@orcilobortisaugue.edu,(514) 511-9612,true,,,false,false,,false,,false,
247,JOX70BYY,Naida,Browning,Cape Coral,NB,adipiscing@laciniaSedcongue.com,(416) 477-7040,,,,false,,false,false,false,,false
248,OGG16BYM,Beatrice,Hardy,Mason City,NM,diam.Proin.dolor@Vestibulum.ca,(328) 690-5147,true,,false,true,,true,false,,,
249,DJU99TAN,Stuart,Hogan,El Monte,WY,Quisque@amet.org,(536) 337-6278,,true,,true,false,false,,,false,true
250,VJB46KGH,Lester,Barnes,Brooklyn Park,QC,orci.quis@aliquam.org,(903) 349-6268,,true,,,,,false,true,false,true
251,ZRU29FGR,Kaitlin,Walter,Mayagez,PE,elit@maurisblandit.org,(700) 262-0394,,,true,true,false,,true,,,true
252,OIX54PVN,Wing,Savage,West Valley City,AB,mollis.Phasellus.libero@ultricies.ca,(190) 199-2122,false,false,,,,false,true,false,,
253,JOY35XKV,Amanda,Ochoa,Beaver Falls,TN,libero.Morbi.accumsan@aptent.org,(421) 428-9525,,true,,,true,,,,false,
254,QOE89JQX,Walter,Sullivan,Jonesboro,YT,tellus.Nunc@anteipsum.com,(475) 773-9700,true,false,,,,,false,,false,true
255,VBK37ETS,Taylor,Reed,Rancho Cucamonga,PE,nunc@placeratCrasdictum.edu,(175) 149-1596,,,true,,true,,,true,true,true
256,XVH48ULB,Elton,Griffith,Omaha,NS,mi.tempor.lorem@liberoettristique.edu,(450) 698-5882,false,,true,,,false,,,false,
257,HLH30HFQ,Camille,Baker,Truth or Consequences,QC,Etiam@semperpretiumneque.com,(811) 323-6439,,,,true,true,true,,,,
258,RAX82DFY,Kimberly,Mejia,Sun Valley,AB,fermentum.fermentum.arcu@malesuadavelconvallis.ca,(548) 395-4566,false,,,,,true,true,true,true,true
259,YCF73EJV,Mercedes,Wong,Laguna Beach,LA,parturient@velitCraslorem.edu,(320) 310-0199,true,true,true,,,false,false,,,
260,DNU17YEU,Alyssa,Bradshaw,Saipan,PA,iaculis.quis.pede@lectusante.org,(593) 655-9880,,,,,false,,true,,false,
261,TOO11CRC,Wade,Justice,Chester,AB,lobortis.augue@indolorFusce.edu,(313) 902-3794,false,,,,true,,false,,false,true
262,NBV80XDJ,Macy,Berger,Santa Barbara,NV,Ut.tincidunt.orci@nunc.org,(368) 729-9363,,false,,,true,true,,false,false,true
263,VVN64UOM,Briar,Conley,Seward,NE,ipsum.primis@turpisnec.ca,(415) 346-7748,,false,false,true,false,false,false,true,,
264,FMB77NKO,Fiona,Steele,La Habra Heights,PE,Integer.mollis.Integer@Donecnon.org,(575) 675-2496,true,false,true,false,,true,false,,,true
265,XDT47NZY,Abraham,Velazquez,Miami,ON,nibh.lacinia.orci@nonantebibendum.edu,(908) 893-9071,true,,,false,false,,,,,
266,BJB92BIE,Brielle,Beach,Gaithersburg,SK,non.sapien.molestie@eudoloregestas.com,(473) 870-0249,false,,true,,,false,true,,,false
267,SJF01ZCE,Charles,Larsen,Butte,QC,nec.tempus.scelerisque@Ut.edu,(447) 712-7251,,true,,false,,,,false,true,
268,AQJ73NAC,Rebekah,Lee,El Paso,AB,natoque.penatibus@augue.ca,(231) 733-2522,false,,false,false,,true,,,true,
269,POG72QBM,Curran,Fox,Pullman,MN,neque.tellus@ut.edu,(138) 647-7725,,,,,false,,,false,true,
270,SIP59CGS,Stacy,Irwin,Danville,AB,Fusce.diam.nunc@risus.ca,(231) 455-0747,true,,,,,,,,,true
271,FVH31VXG,Lance,French,Wisconsin Dells,NU,velit.Quisque.varius@conguea.ca,(611) 444-6968,true,,false,true,,,true,false,false,true
272,XJC06MMI,Ila,Camacho,Covina,AB,parturient.montes@intempuseu.com,(216) 895-5226,false,false,,,,,false,true,true,true
273,YSC54BCA,Gavin,Glover,New Albany,NL,et.ultrices.posuere@VivamusrhoncusDonec.com,(705) 968-8454,,,false,,,,false,false,,true
274,DLV73LOG,Tana,Carson,Poughkeepsie,YT,ornare.egestas.ligula@imperdiet.edu,(321) 715-6163,false,,,true,true,true,false,true,,false
275,EFK39NXP,Maya,Lewis,Waterbury,NS,aliquet.sem.ut@accumsanconvallisante.ca,(543) 408-0801,false,,true,false,false,false,,true,,true
276,XAX24ZBM,Rowan,Barrera,Newport Beach,GA,risus.Duis@inmolestie.ca,(196) 139-0291,false,,,,,,,false,,true
277,ITU08DYX,Grant,Turner,Bessemer,BC,tortor.dictum.eu@nonsollicitudin.edu,(862) 390-9143,false,true,,false,false,true,,true,true,
278,UAF03FEF,Gretchen,Mcleod,Mesquite,NB,Maecenas.mi.felis@risusvariusorci.edu,(587) 933-8995,,,false,true,true,,,,,
279,DWS88BFR,Anika,Camacho,Connellsville,NJ,nibh.Aliquam@Fuscediamnunc.edu,(574) 709-8538,false,true,true,false,,,,true,false,true
280,FLK61LPZ,Xanthus,Alexander,San Luis Obispo,IN,imperdiet.ornare.In@ornarelibero.com,(654) 707-5045,false,false,false,false,,,,,true,true
281,YGL30MDN,Kaden,Mills,Boulder City,TN,amet.faucibus.ut@liberoInteger.com,(495) 534-8405,,,,,,,true,,true,
282,KRB92JID,Rigel,Grant,Ogden,SK,penatibus@lectus.org,(148) 646-1330,false,,,,true,false,,,true,
283,MLW31IAF,Michael,Hanson,Edmond,SD,nisl.arcu@eget.edu,(768) 793-0310,true,false,,,true,,true,,,false
284,NHX30VSE,Carl,Small,Corvallis,MD,porta@nequeIn.org,(500) 786-8391,false,false,,,false,,false,,,true
285,KKS41ODY,Xavier,Bates,Cerritos,HI,sollicitudin@ametdapibusid.edu,(693) 363-2041,,false,true,false,,,false,,,
286,XEZ24ROS,Patience,Bates,San Rafael,QC,arcu@neque.com,(447) 510-8655,,,true,false,,,,,,true
287,XFG66KTN,Austin,Gonzalez,Apple Valley,NB,mus.Proin@ornare.ca,(487) 615-0655,false,,false,,true,,false,,,false
288,MWH24JUO,Armando,Hardy,Brown Deer,TN,dapibus.rutrum@dolorNulla.org,(568) 762-8035,true,,,false,,,false,,,false
289,MKX31OPA,Maite,Tyson,Muskogee,ND,ac.nulla.In@atarcuVestibulum.edu,(126) 597-8116,,,,true,,,,true,,false
290,NUL12KXC,Louis,Bradford,Riverton,MS,auctor@ridiculusmus.org,(520) 547-1215,,,false,,,false,false,true,false,
291,ATO02AVJ,Evan,Zimmerman,Starkville,LA,vitae@mollis.com,(342) 537-1135,,false,,,,false,true,false,,false
292,JVQ52ZHL,Brooke,Mcleod,Annapolis,HI,fringilla.est.Mauris@neque.org,(770) 339-0890,,,false,true,,true,,,,false
293,DTB29LEC,Drew,Burgess,Champaign,KS,non@inlobortis.ca,(969) 863-9354,,false,true,,false,false,,,,true
294,OLP42HVG,Mallory,Herring,Redding,YT,blandit@a.com,(231) 364-7572,,false,,true,,,false,false,,
295,LLS57IZL,Sigourney,Roberson,Richland,MT,non.quam@enimnonnisi.com,(906) 578-3812,,true,,,,,,false,false,true
296,XYW54QLU,Jolene,Mcdonald,Berkeley,DE,Nunc@Phasellus.edu,(515) 568-1665,false,,,,,,false,,,true
297,RIS28ICA,Alma,Oneil,Muncie,ON,ac@justo.com,(616) 606-8785,false,,,false,true,,,,,true
298,YGW69XIU,Minerva,Clark,Gardena,NH,natoque.penatibus@Fuscefermentumfermentum.edu,(516) 757-0116,true,false,false,true,true,,,,,false
299,EBI77YOU,Andrew,Pitts,La Crosse,QC,Nulla.aliquet.Proin@feugiatSed.edu,(943) 750-1101,false,,false,true,false,false,false,,,
300,MFN89BWD,Cailin,Vang,Florence,GA,non.quam@etmalesuadafames.com,(430) 814-8972,,false,,,,false,false,false,false,
301,UPI73LGF,Idona,Alston,Joliet,NU,quis@Aliquamerat.org,(180) 464-8022,,,true,,,,false,false,,false
302,PSH60YBZ,Amena,Gould,Dalton,NL,a@bibendum.edu,(286) 276-1871,,false,,,false,,,,true,false
303,VWH40CDF,Sybil,Skinner,Huntington Park,NL,vel.arcu@feliseget.ca,(202) 150-5291,false,,false,true,false,false,true,,true,
304,TPL06ZBE,Charity,Benjamin,Greensboro,BC,diam.dictum.sapien@velitjustonec.ca,(505) 965-4303,false,,false,,,,false,true,,false
305,SGF22VUR,Cora,Soto,Abilene,AB,vitae.mauris@malesuada.edu,(450) 602-2940,true,false,false,,true,true,true,false,,
306,FOE31HPK,Drew,Barber,La Puente,AB,velit@Integer.ca,(138) 726-7299,,,false,,,,,false,,true
307,BQC83JOD,Mannix,Hoover,Aurora,BC,Curabitur@duisemper.org,(699) 792-3264,false,,false,true,true,false,,,true,false
308,PMC51BUN,Erica,Howard,Watertown,BC,dui.quis@lacusNullatincidunt.com,(639) 945-1641,,true,false,,,,false,,true,false
309,FHN11XTI,Kay,Clements,Kennewick,YT,tempor.est.ac@auctorvitae.com,(553) 914-3121,false,,true,,,,,,,false
310,ZCS30WUI,Zephr,Ashley,Long Beach,LA,fermentum.arcu.Vestibulum@purusgravida.ca,(772) 285-4062,true,,true,false,,,false,true,,false
311,YRA28VTI,Stephanie,Humphrey,Menomonee Falls,IN,risus@pulvinar.edu,(616) 978-6295,,,,false,,true,false,,false,true
312,FHY82RRW,Willa,Mcfarland,Joplin,RI,dolor@enimmi.edu,(109) 174-2112,true,,false,,,,true,,false,
313,JJR34KSR,Kibo,Stanley,Valencia,NT,non.lacinia@elitCurabitursed.edu,(726) 493-7600,true,,,true,false,,,,,
314,ZEQ65QZF,Dara,Blevins,Enfield,SD,facilisi.Sed@eueros.edu,(143) 470-5443,true,,,false,true,,,true,false,
315,BGL36FME,Michelle,Vaughn,Lodi,OK,eu.nulla@mollisneccursus.edu,(785) 799-6686,true,false,,false,true,,,,,
316,QUI15GCE,Uta,Valdez,Signal Hill,OH,pede.Suspendisse.dui@odioEtiamligula.com,(375) 712-0454,true,,,true,,,false,false,,
317,GJV81ZBD,Iliana,Melendez,Mayagez,NJ,laoreet@necorciDonec.com,(119) 202-0468,true,,true,,,true,true,,,false
318,PZH51HVF,Orson,Holden,Brockton,NB,pede@rhoncus.edu,(321) 999-1102,,false,false,,,true,true,true,false,
319,RJK72ITL,Keane,Rodriguez,Rapid City,AL,rutrum.justo.Praesent@fringilla.com,(469) 127-8173,,,,true,false,,,,true,true
320,HDK21RBC,Reed,Rush,Lancaster,ND,Cras.interdum@rutrumjusto.org,(986) 394-6615,,true,,true,,true,,true,,
321,CFW74VGD,Jeremy,Gutierrez,Ponce,IL,blandit.mattis@sitametmassa.org,(812) 850-4440,false,,,,,true,,true,false,
322,VHM00ZCN,Hasad,Leonard,Lynwood,WV,in.tempus.eu@ametdiam.com,(678) 293-9632,,,,false,,,true,false,,true
323,EJJ05HIL,Yasir,Molina,Ogdensburg,ID,nascetur.ridiculus@CraspellentesqueSed.com,(118) 773-4973,false,false,true,false,true,,false,false,false,
324,LEZ29TRK,Nathan,Herring,Pullman,NL,arcu.Vestibulum@Fuscediamnunc.org,(696) 157-7847,,,,,,true,,,,
325,OVJ18YYP,Robin,Hartman,Goose Creek,OH,nec@quam.edu,(287) 718-0730,true,true,,false,false,false,true,false,true,
326,TIY40CHE,Rhona,Meyers,Cudahy,ME,ridiculus.mus@sitamet.org,(254) 311-0397,false,true,,false,,true,,,,true
327,LWE81KBE,Otto,Benson,Vineland,NB,Mauris@interdumenim.com,(721) 758-0618,,,false,,,,,,true,
328,VBU07IXT,Zelenia,Boyd,Murrieta,VT,facilisis.Suspendisse@placerat.edu,(323) 567-9425,true,,false,true,,false,false,,false,true
329,KBU75KMN,Tobias,Petty,Atlanta,PE,ligula.Aenean@neccursusa.edu,(141) 544-7218,,,,true,false,false,,true,,
330,FOR30CUT,Galvin,Wilkerson,Newcastle,ND,aliquet.sem@arcuVestibulumante.edu,(448) 673-4334,true,false,,,false,true,false,,true,true
331,PAI46AUD,Illana,Church,Minneapolis,NB,urna.Ut.tincidunt@Nunc.com,(921) 702-1787,,,,,false,,true,true,,
332,ZDV08XIB,Maile,Cooper,Scarborough,YT,sed.hendrerit@enimdiamvel.edu,(665) 432-8374,false,,,false,true,false,,true,,false
333,ZEC45MUL,Scott,Lowery,Sunbury,NL,rutrum@Praesentinterdumligula.edu,(627) 763-6245,true,false,false,false,false,,true,,false,false
334,IQL03CMZ,Harding,Steele,Missoula,NB,commodo@Nunc.edu,(193) 480-6069,,,,,false,true,false,,,false
335,FXK63HQZ,Hamilton,Fry,Tok,NS,consectetuer@luctusut.edu,(320) 181-4665,false,false,,true,,,true,true,false,
336,IQH36EMB,Quin,Burnett,Modesto,NB,dignissim.tempor.arcu@Donectemporest.com,(723) 188-5667,true,,false,,false,false,false,,true,false
337,ANO35KGB,Aidan,Stephenson,Seattle,MO,est.Mauris@penatibus.com,(392) 373-4822,true,,,false,true,,false,,true,true
338,BAM32FRT,Anastasia,Stephens,West Hollywood,PE,enim.nec.tempus@montesnasceturridiculus.ca,(623) 388-5271,,,false,,,,,,true,false
339,VPL29FAL,Joelle,Reynolds,Minnetonka,CA,sit.amet@et.ca,(490) 498-7146,,,,false,false,true,false,false,false,true
340,KAS43RGE,Solomon,Owen,Slidell,AB,urna.Vivamus.molestie@dolor.org,(864) 337-8753,,false,false,true,,false,true,,,
341,MZN92WQD,Mariko,Conner,Laguna Hills,AB,felis.purus@pharetranibh.edu,(927) 102-5163,,false,,true,,true,,,,false
342,TTS48TTH,Wyatt,Hooper,North Pole,NL,ante.Vivamus.non@taciti.edu,(697) 213-2558,,false,false,,false,,true,,,true
343,MGS14WPS,Howard,Chang,Marshall,QC,justo@arcu.com,(939) 237-4717,,,false,,,false,,,false,true
344,UNE66MKC,Clio,Mcbride,Tucson,NU,vitae@Cumsociis.org,(714) 942-3897,,false,false,false,true,false,false,true,,true
345,KGY82KCP,Eagan,Bowen,Gaithersburg,VT,volutpat.Nulla.facilisis@a.com,(720) 892-5874,,true,true,true,false,,true,true,true,false
346,ZJL02KHV,Dorothy,Barlow,Dubuque,ON,at@consequatpurusMaecenas.edu,(662) 532-2999,false,false,true,,,,,false,,
347,CTC42LRM,Imogene,Noel,Houston,BC,aliquet@nisl.org,(458) 688-4315,,false,false,,true,false,,,true,false
348,GIR19OYM,Sophia,Brock,Woodward,OR,Donec.felis@metusIn.org,(401) 748-9166,,false,false,,true,false,false,false,false,
349,XKC01NYC,Luke,Middleton,San Clemente,MN,libero.dui.nec@nonfeugiatnec.edu,(710) 883-7239,,true,,true,true,true,false,,,
350,CZO18MOO,Patience,Strong,Marshall,AB,magnis.dis.parturient@suscipitest.org,(351) 822-8648,true,true,,true,false,true,true,false,false,false
351,ZVQ06WJL,Kenneth,Romero,Effingham,NT,sem@nec.edu,(927) 504-2296,false,true,true,,,,,false,true,
352,TKD48FZB,Joy,Watkins,Norwalk,NL,vel@viverraMaecenasiaculis.com,(914) 719-2378,true,false,false,,,,true,,true,false
353,CUI55MLU,Sheila,Delgado,Oxnard,PE,tincidunt.orci.quis@laoreetposuere.org,(519) 587-5863,true,,,,,,false,true,,
354,QSF62BKU,Ulric,Barnes,Casper,UT,Quisque@mollisDuis.org,(901) 653-1442,true,false,false,true,false,true,,false,true,true
355,MPW62MZI,Stone,Hickman,Michigan City,NS,ipsum.primis.in@sedleoCras.org,(873) 826-6324,false,true,true,false,false,,true,false,true,
356,FXV56BFH,Idona,Jarvis,Rawlins,NE,vitae.sodales.nisi@convallis.ca,(891) 759-6753,true,true,,,,true,,,,
357,QBZ78PTN,Erich,Frost,Stamford,AB,Proin.velit.Sed@dapibusquam.ca,(868) 602-8156,,,false,,true,false,true,,,false
358,JKB29DLW,Dakota,Wyatt,Logan,NM,Phasellus@porttitorscelerisqueneque.com,(619) 785-8982,false,true,,false,,false,,,,true
359,RPX63TDF,Nathaniel,Winters,Lock Haven,NB,justo@lorem.ca,(593) 825-8381,,true,,,false,true,false,false,,
360,XTL26RVO,Ahmed,Pollard,Orangeburg,NB,lorem@inconsequatenim.edu,(580) 182-7058,,false,true,false,false,,true,false,true,
361,USA87WBL,Tanner,Merrill,Farmer City,MB,lacus@et.com,(816) 401-3380,true,false,true,,false,false,true,,,true
362,RRC31CLL,Jeremy,Dickson,Lawndale,BC,magna.Sed@Sed.ca,(786) 255-1364,,,false,true,false,,false,,false,
363,JAA01PPI,Wang,Day,Sandpoint,TX,non.enim.commodo@idenim.com,(326) 410-6480,false,,,true,,false,,,true,
364,BPW79BWQ,Jael,Pennington,Plantation,BC,elit.fermentum.risus@euneque.com,(690) 897-9845,,true,false,true,,,,false,,false
365,AJY02VWD,Nehru,Fitzgerald,Rancho Cucamonga,SK,eleifend.nec.malesuada@nuncrisusvarius.edu,(285) 290-8134,false,,,false,,true,,,,true
366,IUS89QWU,Sean,Curtis,East Hartford,NM,pharetra@congue.edu,(740) 487-4725,,false,true,,true,,,,,
367,NWM52JIR,Athena,Levy,Evansville,NS,malesuada.fringilla@facilisisloremtristique.ca,(560) 381-7740,false,true,false,,,,true,false,true,
368,VPY98UCP,Kasimir,Mayo,Omaha,NT,nec@urnasuscipit.com,(896) 895-4104,,,,false,,true,true,false,,false
369,HLI93HNU,Hilel,Lott,Dickinson,TX,dolor.vitae@semutcursus.edu,(147) 937-8598,,,false,true,true,,true,,,
370,IFZ01JVA,Tatum,Puckett,Tok,AB,tincidunt.congue@mauris.org,(729) 919-9530,true,,false,,,,,,true,
371,LYR48VKU,Hop,Rush,St. Petersburg,BC,semper@Maecenasliberoest.edu,(922) 924-0338,true,,,,,true,true,false,false,false
372,MWJ68RDX,Yuri,Huff,San Dimas,NS,orci.lacus.vestibulum@placerataugueSed.ca,(136) 134-8532,,false,false,,false,,true,,true,false
373,VXN49VXV,Graham,Ferrell,Brunswick,PA,lectus@eleifend.edu,(825) 805-1040,true,true,,false,,,false,,,false
374,ZUQ56SDU,Otto,Mejia,Sierra Madre,IN,vitae.sodales@consequat.org,(378) 850-0129,,true,,false,false,false,,,true,true
375,LET39GLA,Georgia,Petersen,Westlake Village,MA,placerat@orciluctus.ca,(906) 220-6086,true,,false,,false,,,true,true,
376,QGM23RHB,Otto,Callahan,Orlando,VA,varius.orci.in@Aliquam.edu,(992) 697-5943,,false,,false,true,true,false,false,,
377,ELB49BGO,Yasir,Peterson,Tacoma,NY,at.lacus@consequat.edu,(538) 283-7167,true,false,false,,true,false,,false,false,
378,CVK90HIT,Isadora,Wiley,Lake Charles,AB,elit@Innecorci.com,(463) 713-7307,false,false,true,true,,,false,false,,false
379,XHD20FQV,Lisandra,Nguyen,Nampa,NB,Donec.sollicitudin.adipiscing@egestas.edu,(453) 526-3307,,true,true,true,false,,,true,false,true
380,LEI86ONA,Venus,Mcguire,Saint Paul,MB,feugiat.Sed.nec@Maurisnulla.org,(881) 198-0443,,false,true,,,,false,false,true,false
381,INE45CIR,Kimberley,Peters,Batavia,WA,nec@Maurisblandit.org,(726) 608-5281,false,false,,false,,,true,true,false,
382,AYH65INB,Lillian,Graves,Dover,NE,tortor.at.risus@ProinultricesDuis.com,(154) 122-9814,,,false,true,true,,true,,false,
383,UIG23MLK,Farrah,Melendez,Santa Monica,NL,leo@ac.com,(837) 817-2756,,,true,true,,,true,false,false,
384,JJD11IVM,Allen,Harrington,Charleston,ND,ac.ipsum@maurissit.edu,(534) 331-9500,,,true,false,,,,,true,
385,URK20SKA,Curran,Kerr,Batavia,NB,sodales.at@dictumsapienAenean.org,(419) 124-4020,,true,false,false,true,false,true,,,
386,LUS48ZVJ,Anthony,Blake,Laguna Beach,NB,Duis@erosNam.com,(209) 208-6424,true,true,false,false,,false,,true,,
387,YME96FTI,Nora,Abbott,Rockville,SD,ultrices.a@Nullaegetmetus.ca,(103) 341-7313,false,,false,true,,,false,true,false,
388,YNP27BLO,Hayley,Mcpherson,Vancouver,AB,enim@Aliquamultrices.edu,(526) 627-3725,,,,false,,true,,false,,false
389,HHM98SQG,Jolie,Solomon,Rolla,PE,tincidunt.pede@sedsapienNunc.com,(113) 812-5336,,false,,,true,,,,false,
390,NOS84WCZ,Daphne,Hull,Olympia,AZ,aliquet.sem.ut@Sednunc.ca,(162) 492-4484,false,,,false,true,,,,,true
391,ORE80CCN,Kasimir,Tyler,Youngstown,NT,ac.tellus.Suspendisse@eutellusPhasellus.org,(847) 384-7983,false,false,true,,true,,true,,,false
392,AOM88IFN,Eve,Bonner,South Portland,MT,sapien@luctusfelis.ca,(231) 817-8013,false,,false,,,,false,,,true
393,AWG17LWP,Jermaine,Arnold,Wilson,NB,tincidunt.nunc@aliquetodio.ca,(142) 505-5297,true,true,,true,false,true,,true,true,
394,WEC17CSI,Hedda,Morin,Azusa,MS,ut@vitaerisusDuis.edu,(490) 213-1610,true,true,false,false,false,,,true,,true
395,QAU72XBJ,Kylynn,Delgado,Laramie,NL,adipiscing.elit@iaculisodio.edu,(414) 922-8134,false,,true,true,false,,true,,,false
396,DGJ61OXA,Michelle,Donovan,Jeffersonville,NL,ultricies@Morbi.edu,(926) 904-0251,,,,,false,,true,,true,true
397,ANB64CBN,Glenna,Mcleod,Oshkosh,MD,nulla.ante.iaculis@elitdictumeu.edu,(666) 653-1919,,true,,,true,false,true,true,false,
398,JAN06BKU,Wesley,Mcclure,Paterson,NH,tellus.Phasellus@pede.ca,(782) 942-5086,,,,,,,true,false,,
399,ZBQ29BML,Brady,Greene,Beverly,NU,libero.nec.ligula@eros.org,(508) 565-0752,,,true,,true,,true,,true,true
400,KKV29LUA,Darrel,Flowers,Fond du Lac,NY,imperdiet.dictum@bibendum.org,(117) 484-8516,,,false,false,,false,,true,,false
401,FRE90ZMX,Kermit,Morris,Lawrenceville,YT,in.molestie.tortor@sodalesnisimagna.ca,(812) 221-1857,,false,true,,,,false,false,false,false
402,YSR28WLC,Myles,Zamora,Springfield,NH,et@duiFuscealiquam.edu,(353) 316-0262,,,false,true,true,,false,,true,
403,XMT38WYW,Baxter,Mccall,Burlington,MB,Nunc.laoreet.lectus@idanteNunc.edu,(733) 698-0358,true,false,,false,,,true,,true,
404,TSL12KYI,Paul,Kirby,Charleston,ID,sed.consequat@felisullamcorperviverra.edu,(916) 502-7274,,,,,,true,true,,,true
405,XQV51WTY,Chaim,Love,Jonesboro,MS,egestas.blandit@Morbiaccumsanlaoreet.org,(351) 130-0038,false,false,false,,,true,false,,true,
406,OTK78TTX,Quinn,Black,Rockford,CA,Aliquam.tincidunt.nunc@duinecurna.org,(865) 549-5994,,,,,,true,false,false,true,
407,FYT74GRZ,Debra,Matthews,Klamath Falls,PE,arcu.Sed.eu@tincidunt.com,(791) 363-8924,false,true,,,,true,false,false,,false
408,YFI14ZKJ,Teegan,Meadows,Sierra Vista,SK,eu.accumsan.sed@elitdictumeu.com,(950) 533-4679,,false,,false,,,,true,,
409,MJS48BXJ,Nevada,Mcleod,Glen Cove,SK,erat@dolor.org,(738) 740-7007,,,true,false,false,false,,true,false,true
410,ORI34ULE,Shelby,Jacobs,Wilson,NL,tristique@Nuncacsem.org,(693) 949-8088,,,,,,true,,,,false
411,TFF11PDY,Neville,Wade,Santa Fe,PE,Nulla.semper@amet.org,(403) 134-5975,true,,,true,true,,false,,false,false
412,QFK02TMU,Nichole,Daniel,Hollywood,DE,Aliquam.ornare.libero@sed.edu,(844) 406-6836,true,,,,false,false,,,false,
413,NHA97BRJ,Vanna,Blackwell,Atlantic City,ON,libero.dui@risusQuisquelibero.ca,(595) 544-7611,,false,true,,,false,,,,
414,FZW75HEG,Tallulah,Gross,Kalamazoo,YT,Etiam@nectellusNunc.org,(373) 716-0073,true,true,,,false,true,true,true,true,false
415,IZW66BIS,Asher,Battle,Battle Creek,ND,ut@egetodioAliquam.ca,(535) 401-4991,false,true,false,,false,,,,false,true
416,HGG86IYC,Eden,Travis,Fairmont,WY,Vivamus.nibh@CrasinterdumNunc.ca,(500) 116-2946,false,true,true,true,true,,false,true,true,true
417,NGR53VGP,Octavius,Padilla,Dover,NL,et@cursuspurusNullam.com,(656) 357-8344,,false,true,true,false,,true,,false,true
418,MGK15YWL,Ella,Gould,Taylorsville,MO,dis.parturient.montes@nectempus.ca,(273) 620-0901,true,true,,,true,true,true,,true,false
419,UBY16FET,Cain,Delacruz,Sun Valley,PE,bibendum.sed@luctus.org,(872) 831-2980,false,true,,false,,,,,true,true
420,PRF74PYT,Justin,Schmidt,Simi Valley,VT,Curabitur@euneque.edu,(894) 205-6615,true,,true,false,false,true,,true,,false
421,RKC15ESF,Silas,Stafford,Sandy,MT,feugiat.placerat@semperetlacinia.ca,(887) 610-2157,true,,true,true,,false,false,true,false,false
422,XOZ61CTI,Delilah,Dominguez,Benton Harbor,AB,Aenean@vestibulum.org,(403) 585-1632,,,,true,false,true,,true,,false
423,WHD27ZSY,Leah,Battle,Catskill,SK,Suspendisse.dui.Fusce@nulla.org,(503) 341-9222,,,,,,,,true,true,false
424,BDL34VOJ,Brynn,Rogers,Nanticoke,DE,eu.dui.Cum@gravida.edu,(131) 271-8373,false,,true,false,,false,,,true,
425,CIK25CJI,Ila,Christensen,Racine,NL,Ut.nec@nonummy.com,(581) 620-9499,true,,,false,true,true,false,,false,true
426,RHL79SWX,Chaney,Sampson,Sharon,PA,ut.erat.Sed@leo.org,(724) 686-7639,true,true,,false,,,,false,,
427,OFS98PQP,Derek,Ware,Monongahela,QC,Mauris.non@Nullamfeugiatplacerat.com,(105) 256-1861,,true,true,,,false,,,,
428,ROL17ZVX,Ryder,Jordan,Bartlesville,NE,feugiat.nec@Aliquamauctor.org,(892) 246-3166,false,,true,false,,,false,,,
429,JBA61KHM,Leandra,Whitehead,Claremore,AZ,Mauris.magna@tristique.edu,(413) 308-6793,true,true,,,true,,false,false,false,
430,GVD60FKS,Wayne,Garza,Beaver Falls,KS,mus.Proin.vel@tincidunt.ca,(767) 359-9861,,,false,,,true,true,,false,true
431,EOI98WXV,Odessa,Le,Yakima,YT,mollis@lacusMauris.org,(805) 602-6780,true,,false,,,,false,false,,true
432,FLU70UAR,Katell,Torres,Rancho Santa Margarita,MA,quam@ipsum.ca,(303) 997-6121,true,,false,,,,false,,,true
433,QBR09PVO,Rhea,Boyer,Pasadena,NU,nonummy.ultricies.ornare@Nunc.com,(204) 265-5282,,false,,,true,true,,false,,
434,ZOD46UYF,Barry,Small,Jeffersontown,MB,sodales.nisi@sed.edu,(817) 659-4891,,,,true,,,,false,false,false
435,IMF00SAO,Lillith,Whitaker,Oshkosh,AL,Nunc.mauris.elit@velit.edu,(711) 134-7808,,,,,,false,,,,
436,OBU71DFV,Warren,Delgado,North Pole,KS,eu.tellus@neque.org,(392) 527-7201,true,true,true,true,true,true,,,,
437,NJT88ZPQ,Denise,Osborne,Sherrill,MI,pharetra.sed@ullamcorper.org,(891) 712-9158,,,,false,false,,,true,true,true
438,NLV71ZYE,Chase,Juarez,Basin,NT,metus@tellusjustosit.ca,(571) 172-0389,,,false,true,,true,false,,,
439,CQU26OMS,Vera,Guerra,Paramount,YT,erat.volutpat@aneque.org,(583) 176-5107,,true,false,false,false,,false,,true,
440,NXS80LPN,Kylynn,Oliver,Falls Church,PE,tellus.Phasellus@quam.edu,(724) 617-7246,false,,,false,false,,,,,false
441,UMR20WYU,Caesar,Hebert,Lake Charles,OH,orci.Ut@ipsumnonarcu.edu,(421) 779-8326,,,,false,true,,false,true,false,
442,OUA75USL,Blair,Anderson,Boulder Junction,OH,scelerisque.mollis.Phasellus@euismod.com,(806) 708-4658,,,,,true,,false,false,,true
443,ZLV62WNR,Jordan,Berger,Maywood,ME,Donec@blandit.ca,(140) 135-6883,,,,,,true,,false,true,
444,NPT66DEH,Willa,Wynn,Newcastle,NY,risus.Donec@Sedauctorodio.com,(422) 955-8814,,,,false,true,,,,,
445,YRU16JSL,Destiny,Tillman,Victoria,ME,tellus.Phasellus@sagittissemper.ca,(493) 240-5810,,true,false,,true,,true,,,
446,TQM07XEH,Patricia,Gould,Grafton,SK,iaculis.quis.pede@luctusipsum.org,(307) 185-1598,false,false,true,,true,false,true,,,false
447,NXK29FVB,Oscar,Robertson,West Hartford,ID,molestie@inceptos.edu,(276) 461-7847,,,,,,,,,true,
448,RKT38LOO,Eugenia,Wheeler,Eden Prairie,QC,Curabitur@sit.com,(483) 520-8174,,,,true,,,,true,,true
449,XHQ27WIQ,Ainsley,Bentley,Brownsville,NT,mollis@odioEtiamligula.edu,(793) 734-5261,,,false,,true,true,false,false,,false
450,YRD34LSY,Maile,Gomez,Bowie,PE,placerat@tinciduntadipiscing.com,(203) 905-4102,,,,,,,,,,true
451,KFR71RIQ,Summer,Grimes,Tacoma,YT,pede.Suspendisse.dui@sedtortor.org,(711) 342-5954,false,false,true,,true,,false,true,,
452,QCI73UBY,Nolan,Moses,International Falls,ON,hendrerit.consectetuer.cursus@velitegetlaoreet.edu,(984) 367-2481,false,true,,,false,false,false,,,false
453,TWB11TYJ,Colorado,Santiago,Malibu,AB,turpis.non.enim@sapienmolestieorci.com,(550) 825-8175,,,false,,,false,true,,false,
454,LRT54ZBJ,Bryar,Russo,Toledo,MB,Nunc@duinec.com,(963) 262-1923,,true,,,,,,true,true,
455,YFP23GON,Camilla,Rosales,Springfield,IL,Donec.tempor.est@cursusNuncmauris.org,(370) 415-2828,,false,false,false,false,,false,true,,true
456,WUH81MMM,Emerson,Powers,Grambling,NL,arcu.vel@dui.org,(839) 333-0961,,,true,,,,,,,false
457,NOV48FSW,Cassady,Heath,Auburn,ON,turpis.vitae.purus@lorem.edu,(534) 651-6034,true,,false,,,,,,false,
458,NPG92WCX,Steel,Hopkins,Hattiesburg,NU,lectus.ante.dictum@ornaretortorat.ca,(988) 584-7000,,true,,false,true,,,,,
459,BJF88CIP,Baker,Herman,Oxford,NB,nunc@necleoMorbi.ca,(489) 505-8791,,,,,,true,true,,true,true
460,XER86TIO,Jameson,Davenport,Parma,MI,cursus@Cumsociisnatoque.com,(359) 127-3153,false,,,true,,,true,true,true,false
461,FBA11GXL,Holly,Klein,Rockford,VA,gravida.mauris@maurisrhoncusid.ca,(340) 849-8386,,false,,,true,,,,false,
462,DRI15UCK,Barbara,Wilkerson,Beverly Hills,KY,ipsum@nec.com,(924) 578-8151,false,,false,true,false,true,,false,,
463,AGY46QIN,Raja,Vargas,Owensboro,MD,Sed.eget@Maurismolestie.ca,(945) 463-2848,,false,,,true,true,,,,true
464,CNB59TYG,Magee,Holman,Butler,QC,Nulla@etultrices.com,(289) 807-8200,true,,true,,true,,true,true,,
465,VIC71ENY,Jared,Mcguire,Ashland,NL,Aenean.eget.metus@Vivamusnonlorem.org,(677) 846-5279,,true,,false,,true,false,false,false,false
466,RQT44FBY,Hunter,Riley,Syracuse,RI,Morbi.accumsan@lobortis.edu,(319) 990-9990,true,true,false,true,,,false,false,true,false
467,UZE79CVW,Ava,Russo,Tampa,RI,neque.In@orciquis.com,(757) 738-3759,,false,false,,,false,,true,false,
468,UCQ57YJD,Orlando,Tillman,Brea,MI,fringilla.Donec@tinciduntpede.ca,(728) 847-7121,,true,false,,false,true,true,,,true
469,GLV02GTA,Genevieve,Willis,Chico,QC,Morbi@Proinnon.edu,(508) 366-4017,true,false,false,,true,,true,,,
470,OWW30MBN,Karen,Downs,El Segundo,NB,scelerisque.lorem@non.edu,(153) 812-9933,,false,,,,,,false,false,true
471,GTK56PTP,Lars,Casey,West Allis,KY,Maecenas@faucibus.ca,(529) 132-5616,,false,,false,,false,,false,false,
472,ZRL97TFI,Ima,Guerra,Walnut,MD,blandit.Nam.nulla@Sed.ca,(485) 811-4285,,false,,false,false,false,,,,
473,FPO73SWV,Wang,Oconnor,Hidden Hills,ND,arcu.Vivamus@quisaccumsan.com,(168) 172-4737,false,false,true,false,true,,,true,,
474,HJK13FKW,Virginia,Salazar,New Madrid,VT,egestas@consequat.ca,(981) 298-0911,,,,,,true,,false,false,
475,EHS34RGO,Lilah,Hunter,Peabody,SK,erat.vitae@magnisdisparturient.com,(839) 682-3996,,true,false,,,true,,,,
476,OAB46YTA,Tanek,Parrish,Plymouth,MO,magna.Cras.convallis@lacusQuisquepurus.edu,(369) 206-5577,false,,true,,,,,true,true,true
477,YVF90HOQ,Rylee,Gilbert,Half Moon Bay,SD,urna.Nullam@nibhPhasellus.ca,(832) 158-7335,true,,,false,false,,true,,,false
478,GSM47CHP,Irene,Murray,Bridgeport,NE,neque@CurabiturmassaVestibulum.edu,(832) 110-1535,,false,false,true,false,,true,false,false,
479,MYE70HVD,Savannah,Carroll,Pocatello,NH,Suspendisse@suscipitnonummyFusce.com,(479) 637-4469,false,,false,,true,false,,true,,false
480,SCF67NKF,Yuli,Ball,Butler,MO,Donec@felispurusac.edu,(617) 847-5397,,,false,false,,,,true,false,
481,DCJ98WQJ,Clark,Mcpherson,Boulder City,CO,mi.lacinia@quamvel.edu,(132) 669-5366,true,true,,false,,,,,true,
482,XMQ00HBQ,May,Pruitt,Fountain Valley,NS,adipiscing.lacus@Maurisquisturpis.edu,(335) 251-2311,false,,,,,,,false,true,
483,VMJ37YOZ,Felix,Richard,Charleston,BC,montes.nascetur@sociisnatoque.org,(557) 572-0116,,,true,false,,false,true,,,
484,MVL22FMI,Harriet,Montoya,Amesbury,SD,rutrum.lorem.ac@ipsumDonec.ca,(896) 175-5672,true,true,,,,false,,true,,
485,DEL72DHT,Roth,Battle,Allentown,OH,amet.consectetuer@facilisismagnatellus.edu,(398) 433-3256,false,true,,true,true,,false,true,false,
486,MPJ20TPJ,Alexandra,Bridges,Austin,CT,magna.Ut@quama.edu,(306) 278-7361,false,false,,,true,,true,false,,true
487,OEP23KCC,Nathaniel,Reynolds,East Hartford,SC,ut.sem@arcuacorci.com,(424) 992-7440,,false,true,true,true,true,,,,false
488,ZEK41IRW,Odette,Bradley,Toledo,AL,ridiculus.mus@at.com,(310) 939-4321,,,true,false,,false,,,,
489,HKV23EFU,Kirestin,Kelley,Texarkana,VT,lectus@sedconsequat.ca,(716) 144-4273,,true,,,,true,true,,false,
490,XBW51IZO,Kyra,Roberson,Tampa,YT,magna.sed.dui@maurisa.ca,(468) 146-4266,,true,,false,,,,,false,true
491,KKF24RXX,Steel,Le,Lodi,NL,lacus.Quisque.purus@Sed.org,(275) 985-9424,,true,false,,,true,true,,false,false
492,ZWA58XBV,Grace,Garner,Fort Worth,PE,ultrices.iaculis@quisarcu.org,(472) 131-4989,false,true,,,,,false,true,true,
493,SMF94PCY,Kitra,Watkins,Steubenville,CA,faucibus.Morbi.vehicula@Nulla.com,(638) 490-3672,false,,,false,,true,,,false,
494,SXF53DOQ,Oprah,Franklin,Warren,MO,justo.nec@mollisnoncursus.ca,(965) 903-0294,true,,true,false,,true,,,true,
495,YFL41NTF,Piper,Owens,New Kensington,MI,orci.sem.eget@vulputatemauris.com,(792) 334-3612,true,,,,,false,,true,true,
496,LYH72QGN,Drew,Holder,San Marino,MB,vulputate@sagittisfelisDonec.ca,(196) 296-7846,,,true,,,true,false,true,,
497,THS34SZF,Kalia,Gutierrez,Trenton,NU,ac.turpis@lacuspedesagittis.org,(155) 616-6695,true,,,false,true,true,false,,false,true
498,TUG34IXC,Zenia,Sandoval,New Albany,MO,ornare@nequevenenatis.edu,(146) 928-9060,false,true,false,true,,true,true,,false,
499,IBY90EVZ,Cassidy,Knapp,Barrow,TN,tincidunt.neque@est.com,(151) 929-3775,false,true,,false,true,,false,,false,false
500,TXT98ZXD,Phelan,Moran,Portland,SD,lectus.sit@sitamet.edu,(215) 408-4968,true,true,true,,,,,true,,
501,ZPV59YLK,Sara,Burke,Edmond,AK,quam@fringillaornare.com,(926) 155-9597,true,true,,,true,,,false,true,
502,VJX44MCI,Adele,Barnett,Bremerton,NC,Proin.eget@vel.com,(887) 694-4040,,true,,,,false,false,,false,true
503,RMS31SWP,Odysseus,Gibbs,Narragansett,MB,non@nuncsedpede.ca,(194) 569-6188,true,,,,false,false,false,false,,false
504,YXJ34AIA,Colt,Cantrell,South Bend,AB,In.faucibus@Sed.com,(982) 143-6546,,false,,false,,false,true,,true,
505,YCQ12DNV,Michael,Winters,Lafayette,YT,purus@malesuadafamesac.com,(359) 605-8954,,,,,,false,true,true,,true
506,OWK55LCK,Griffith,Moran,Sitka,NT,amet.consectetuer@vulputateveliteu.edu,(899) 867-8278,true,,true,,,true,false,true,true,
507,VIM71CMZ,Gillian,Dalton,Sutter Creek,NB,egestas@montes.com,(400) 162-8394,false,,false,,false,,,true,false,false
508,RFC73SAC,Barry,Aguilar,Nanticoke,MO,lobortis@Suspendissealiquetmolestie.org,(589) 306-8532,,true,true,false,false,,false,,,
509,GAS22TXC,Emerson,Fox,Grand Forks,ON,Donec@vulputateeuodio.org,(618) 371-5361,true,,,,false,,true,true,,false
510,KIP26KMD,Olivia,Blake,Gardena,NJ,ac.turpis@felisorci.ca,(961) 811-4933,true,true,,true,,true,,,,
511,WEN00RDL,Macey,Lang,Richmond,NB,vel@Duisvolutpat.org,(160) 671-7557,false,true,true,true,false,,,true,false,
512,WDH96ZBL,Kennan,Meyer,Concord,CA,orci@semperauctor.org,(359) 674-2325,,,,,,false,false,,,
513,WMC80VHH,Caleb,Mcbride,Tacoma,NU,vitae@sagittislobortismauris.ca,(117) 117-2813,,,false,true,,true,false,,,true
514,DWD89GRF,Bianca,Richmond,Moultrie,ME,non.nisi.Aenean@parturientmontesnascetur.org,(222) 205-5107,true,true,,false,,,true,false,,
515,HOY56ACH,Colt,Burris,Appleton,CA,elit@vulputateposuerevulputate.org,(200) 467-9106,,false,true,true,false,true,,true,,false
516,QWE72VLF,Xena,Livingston,Statesboro,IA,Quisque.purus@taciti.org,(926) 738-4305,,,,,,,,,,
517,YGU69CNK,India,Mcneil,Warren,NT,Nullam@est.org,(478) 396-4886,,false,,,true,false,false,,,true
518,GEP14MTW,Hamilton,Mckay,Malibu,NU,eget@odiotristique.com,(209) 679-8544,,false,true,false,true,false,,,,true
519,MBR36KJN,Willa,Roman,Arvada,AZ,a.ultricies.adipiscing@arcuacorci.edu,(448) 671-7240,,,true,false,,,,,,true
520,EGJ08EGQ,Ifeoma,Obrien,Omaha,NS,odio.vel.est@sed.org,(396) 330-4523,,true,true,,false,,true,,,true
521,HGV95DAZ,Mona,Erickson,Grass Valley,MD,Curabitur.consequat.lectus@faucibusorci.org,(436) 912-1068,,,,false,,,,false,,false
522,HZP98SGB,Rhona,Sweet,West Hartford,QC,nunc@purus.edu,(484) 806-6063,true,true,true,false,true,,true,,,false
523,EIV51WGU,Warren,Vega,Charleston,TX,Morbi@ametmetus.org,(356) 105-2851,true,,,,,,,false,,
524,VSN47QYY,Igor,Joseph,Bloomington,MB,eget@montes.org,(458) 476-2784,,,,true,true,,true,,true,
525,GRY10SUI,Jaquelyn,Medina,San Gabriel,ON,a.mi@dictumcursusNunc.ca,(571) 747-9555,true,true,true,true,true,,true,true,,false
526,IEE48QGU,Charity,Salazar,Galesburg,AB,nulla.Donec@lorem.edu,(711) 188-8603,,false,false,,,,,,,false
527,UHL93GWE,Shelly,Warren,Mobile,BC,nibh.Quisque@velquam.com,(178) 314-3659,,false,,true,true,,,true,,
528,LIM36PTX,Claire,Fulton,South Portland,HI,et.rutrum.non@dui.edu,(836) 481-3613,true,false,,true,true,,true,,,true
529,ELC88ZAD,Lyle,Day,Laurel,NU,justo.Praesent.luctus@utaliquam.org,(367) 532-8658,,,,,true,false,,,,false
530,KBY15IKL,Adam,Vazquez,Garden Grove,NB,enim.gravida.sit@ac.ca,(397) 402-7366,,,false,false,false,,false,true,,
531,AMS79TAS,Brianna,Oneill,Gainesville,NB,Donec.nibh@risusquis.org,(249) 694-2884,,,,true,,,false,true,false,
532,UNP71OFL,Hedley,Alvarez,Victoria,NS,ut@Praesentluctus.ca,(979) 823-4124,false,,,,,,false,true,true,false
533,NOU43BVU,Chester,Brady,El Segundo,NE,Donec.non.justo@auctorvitae.edu,(862) 116-9125,false,,,false,,,false,,true,true
534,VTL08QTU,Randall,Wilkins,Guthrie,NU,nec.ligula.consectetuer@tortorNunccommodo.com,(428) 809-8374,,,,true,,,,,true,
535,DVW96WXM,Daphne,Morgan,Vancouver,NS,et.ultrices@Donectempor.ca,(612) 712-9626,,false,true,true,false,false,,false,true,false
536,PKP80UDB,Jeanette,Griffith,Pembroke Pines,ON,ac.mattis@arcu.org,(843) 256-6764,false,,true,,,false,true,false,,
537,BJY35LBF,Chiquita,Parsons,Newburgh,RI,Curabitur.ut.odio@velquam.ca,(678) 953-6751,,,true,,false,false,false,,,
538,MSO37CSI,Tamara,English,Lakeland,KS,non.feugiat.nec@Suspendisse.org,(923) 316-4770,false,true,,,true,,,,false,
539,FBA53EFW,Vera,Walsh,Weirton,MI,Ut.sagittis@eratnonummy.org,(946) 758-9474,true,true,false,true,,false,true,false,,true
540,VQH44WIJ,Elizabeth,Buchanan,Salinas,QC,Morbi.non@orcisem.edu,(827) 202-8420,,true,,,true,true,,true,true,
541,WDL53NWE,Wyoming,Cannon,Dover,BC,hendrerit.Donec.porttitor@nibhQuisque.ca,(363) 106-5733,,,true,true,true,,true,,,true
542,KUF78GIK,Alice,Pena,San Antonio,BC,orci@laciniamattisInteger.org,(542) 337-3429,true,,,false,,,false,,true,false
543,IDZ54JJV,Rowan,Melendez,Salem,QC,ut.nulla@nonummy.org,(620) 704-1817,,,true,,true,true,true,,,
544,FQQ23RRM,Kai,Santos,Culver City,YT,et.pede@musDonecdignissim.edu,(858) 524-4069,,,false,,,true,true,,,false
545,LWS23YRV,Adria,Frank,Santa Clarita,LA,semper.rutrum.Fusce@Suspendissenon.com,(552) 430-7451,,false,,false,,,,,,false
546,PDU85EXH,Maggy,Hull,Jackson,DE,molestie.arcu@utnisia.ca,(352) 186-2194,false,,true,false,true,false,,,,
547,TIX94URR,Xanthus,Moss,Brunswick,QC,Cras.vulputate.velit@arcuMorbisit.ca,(707) 925-3471,false,true,,,true,false,,,,
548,XXU58BDE,Kyra,Vincent,Hartford,AB,semper.cursus.Integer@vitae.ca,(906) 212-3362,,,,,false,true,true,false,true,
549,VHZ54CVV,Ila,Kemp,Biloxi,SK,nec@at.edu,(999) 777-5855,,,,,true,false,true,,,
550,FBP17HYI,Brandon,Juarez,South El Monte,NL,lacinia.vitae.sodales@sagittis.ca,(868) 157-1781,false,,,false,false,,true,false,false,
551,EAD00SSE,Jacob,Madden,Grand Island,AZ,vitae@elementum.com,(809) 897-7940,,,,,false,,true,,true,true
552,CRW04UVF,Raphael,Dudley,Delta Junction,YT,mi@sagittisfelis.ca,(491) 877-3369,,,,,true,false,true,,,true
553,NEO70JMK,Nolan,Brown,Grand Junction,YT,nunc.ullamcorper.eu@sodalesMauris.edu,(470) 659-9705,true,,,true,,,,true,,
554,AUY04NAJ,Donovan,Boyer,Torrance,PA,consectetuer.adipiscing@SednequeSed.org,(939) 381-2721,,,,,,,true,,,
555,QEZ54VSR,Kendall,Wallace,San Bernardino,KY,primis.in@mi.org,(347) 507-5516,true,,true,,false,,true,true,,false
556,FCN96PSF,Carla,Smith,Slidell,YT,porttitor.scelerisque.neque@pedeultricesa.ca,(530) 128-9904,false,true,true,false,,,false,true,,true
557,GFY32EEE,Cailin,Delgado,North Tonawanda,YT,euismod.in.dolor@magna.edu,(415) 679-5418,,,false,true,true,true,,,false,false
558,IFJ88EUL,Melissa,Whitley,Duarte,QC,Proin@sitametmetus.edu,(260) 910-1872,true,true,,true,,,,true,,
559,IQV46XLT,Robin,Daniel,West Bend,NS,id.ante@fermentumarcuVestibulum.edu,(143) 393-1663,,true,false,,false,,,true,,
560,SOX08WJA,Kiara,Wynn,Hastings,ON,pharetra.Quisque@metus.ca,(791) 609-5511,,true,true,,,false,true,true,,
561,DXW24XGA,Julie,Hoffman,Chicago,CA,mus@consectetuercursuset.edu,(100) 386-2775,true,true,true,,,true,,false,false,
562,KIG45DDV,Ulysses,Stewart,Greensboro,QC,magna.a@Duisvolutpatnunc.org,(214) 859-4058,,,,,false,,,,false,
563,VOO23DFV,Brynne,Rowland,Norman,NH,tellus@nislsem.ca,(428) 168-3036,,,,,false,true,true,,,
564,UQN67EMB,Curran,Shepherd,Pico Rivera,ON,Nulla.facilisis@necimperdietnec.com,(918) 688-0580,false,false,false,,false,true,true,,,false
565,OVK34HFN,Renee,Banks,Louisville,NU,nibh.lacinia.orci@arcuimperdietullamcorper.com,(714) 501-9042,true,true,,,,,,true,false,
566,SCV16VHP,Stacy,Patrick,Sault Ste. Marie,MI,malesuada.Integer@InloremDonec.ca,(251) 588-0453,false,,,true,,false,true,true,,
567,CKP29LDB,Stuart,Page,Grand Rapids,ON,vestibulum.nec@vehicularisus.ca,(916) 102-6548,false,false,,,,,false,true,true,
568,ULS45USF,Hilda,Butler,Aguadilla,NH,metus.urna@dolor.edu,(405) 465-2602,,true,,,,false,,false,,
569,ORG00XPI,Leandra,Norman,Mayagez,KS,a@Maurisvestibulumneque.ca,(274) 402-2266,true,,,,true,true,,true,true,false
570,MUV91WEJ,Camille,Stein,Areceibo,PE,eget.varius.ultrices@ornareIn.ca,(584) 207-0746,,,,,,,false,false,,false
571,MDG92HRH,Allistair,Britt,Wahoo,NT,Vestibulum.accumsan@elementum.edu,(374) 345-1457,,,,,true,,true,true,false,true
572,NAH93TMM,Clementine,Bentley,Delta Junction,NB,Integer.vitae@neceuismod.org,(470) 349-8152,false,false,,,,,,,,
573,ZMW08IAQ,Kamal,Mcgowan,Tustin,OR,Integer.vitae@fringillacursus.com,(766) 972-2246,,true,,true,false,,,,,
574,NBV10PLI,Steven,Spencer,Albany,MI,et@telluslorem.org,(219) 647-6308,false,,true,true,false,,,,false,
575,WNU80FOT,Kitra,Mathis,New Kensington,NB,Praesent@necimperdiet.edu,(515) 432-6208,true,false,,,,,true,,true,
576,DRU70EYR,Jamal,Yates,Lodi,AB,aliquet@egestasligula.ca,(731) 486-6436,true,false,false,,,,,,false,
577,DAI23FYA,Mercedes,Erickson,New Iberia,NB,accumsan.interdum@tinciduntDonecvitae.ca,(263) 618-6749,,,false,,,true,,false,,
578,SLV00ZWS,Paki,Fuentes,Orem,SC,Phasellus.elit.pede@In.org,(363) 873-6173,,,false,true,true,,,,,false
579,KGC71VDS,Velma,Tillman,Bellflower,NB,facilisis.facilisis.magna@ligula.com,(328) 541-6323,,true,true,true,false,true,,,true,true
580,ICV16HHG,Macy,Macdonald,Nashua,SK,purus.accumsan@aliquetsemut.org,(651) 298-5565,,true,,,,true,true,,,
581,SUA89ZSL,Kyla,Harding,Watertown,NM,sed.pede@tellusfaucibusleo.ca,(299) 198-2213,true,,true,,true,,false,false,false,
582,FLG15FYS,Joelle,Booker,Arcadia,AB,urna@luctusfelispurus.edu,(512) 464-9001,,,false,,,,false,,true,false
583,QJE87WGS,Vanna,Fuentes,Stamford,MB,mi.pede.nonummy@dictumcursusNunc.ca,(212) 604-8104,,,,,,,false,,,false
584,JUN54PBI,Noelle,Beasley,Sheboygan,CT,Aliquam@pharetranibhAliquam.com,(214) 787-9793,,false,false,false,,,true,,true,false
585,GWL75HLM,Athena,Graves,San Juan Capistrano,NS,quis.accumsan.convallis@nequeNullamnisl.ca,(939) 318-7985,false,true,true,,true,false,,true,,true
586,IOX28CCQ,Armand,Vinson,Commerce,PE,cursus@Donecfelis.com,(502) 856-8372,false,true,,,false,,,false,,true
587,XGX11LUY,Ross,Mccarthy,Danbury,UT,dapibus@ullamcorpervelitin.com,(776) 697-5110,false,false,false,,false,,,,,true
588,TOR41PFR,Noel,Gutierrez,Powell,ME,non.feugiat.nec@vulputatelacusCras.org,(618) 147-4608,false,false,true,,,true,true,false,,
589,XRI77VNE,Josephine,Maynard,Yigo,NJ,arcu@aliquetlibero.org,(735) 391-1244,,,false,true,true,,false,false,false,true
590,RRH29HKD,Kirk,Small,Muncie,MT,mus.Proin.vel@eu.com,(646) 830-6857,true,,true,,,true,,,,
591,GVL96VYH,Martin,Joseph,Wisconsin Dells,NT,placerat.eget.venenatis@tristiqueaceleifend.ca,(994) 819-2231,,,false,true,,,,false,true,
592,KLW82ZVO,Davis,Calderon,Rensselaer,ON,risus.Donec.egestas@tinciduntDonec.org,(887) 694-4499,true,,false,true,,,true,false,true,false
593,GOD01DMP,Linus,Horton,Minneapolis,KY,arcu.Vivamus.sit@Sed.ca,(268) 355-8604,,true,,,,,,,false,
594,ALQ87EKO,Shoshana,Huffman,Annapolis,RI,dictum@Curae;Phasellus.ca,(890) 527-5437,false,false,true,false,true,,false,,,true
595,JRO41UFU,Dale,Levy,Lowell,YT,sem@semmolestiesodales.edu,(860) 322-5460,,,true,,true,true,true,,,false
596,HLW37BQH,Lareina,Evans,Forest Lake,MT,facilisis.eget.ipsum@sitamet.ca,(417) 965-3356,true,false,false,,false,,false,false,,false
597,WHJ52ZCP,Florence,Nixon,Corry,NB,Nunc.pulvinar.arcu@ipsum.org,(220) 391-8338,,true,false,true,,,false,,,true
598,GBF23FME,Kuame,Riggs,Ansonia,KS,Aenean@rutrummagnaCras.edu,(432) 497-8583,,true,,false,,false,,,true,true
599,SDH95FRJ,Porter,Mack,Quincy,NB,ornare.sagittis.felis@mus.ca,(676) 772-1507,,,,false,,,,,,true
600,IFQ99KDA,Yeo,Donaldson,San Francisco,NL,Etiam.gravida.molestie@eratvelpede.edu,(802) 517-5501,,,false,,false,true,,,,
601,PWV83ZPY,Joelle,Merrill,Bessemer,NV,tempor@massaQuisqueporttitor.edu,(560) 473-4039,,false,,,,,,,,false
602,MMA58TXF,Roanna,Elliott,Danbury,MA,bibendum.sed.est@adipiscing.com,(368) 109-2006,false,,true,,false,,false,,true,false
603,BCY80ZVI,Yolanda,Tyler,Wilkes-Barre,SK,ac@eleifendnondapibus.edu,(393) 263-3130,true,,true,,false,,,,false,
604,ING66XZA,Alan,Flynn,Beacon,SK,in.magna.Phasellus@erat.ca,(923) 767-9050,,,,,false,false,,,true,true
605,NVU95KSM,Ivana,Cummings,Laguna Woods,WY,Cras.convallis@turpisegestasAliquam.ca,(729) 177-2447,,,false,false,false,false,false,,false,
606,CZX90RTF,Brenda,Castillo,Albany,NL,lectus.sit@nonegestas.edu,(426) 580-6277,,false,,,true,,false,true,true,
607,VUG53BOY,Dillon,Gallagher,Phenix City,OK,dolor@feugiatplacerat.ca,(990) 755-5442,false,,true,true,,,true,,false,false
608,FMC21RUR,Brady,Daniels,Waterloo,YT,Cras.eu@massanonante.com,(953) 410-6388,true,,,,,false,,,,false
609,TSP01TDT,Arden,Williams,Normal,WV,massa@pede.ca,(276) 574-4889,true,false,true,,false,,false,true,,false
610,QTU21ORR,Hoyt,Maldonado,New Orleans,AB,et.malesuada@varius.com,(917) 890-7545,,,,,,,,,false,true
611,PUV36VJJ,Idona,Schneider,Tyler,NU,nunc.nulla@lacusEtiam.org,(640) 284-3525,,,false,true,false,,,,,true
612,LFI43EXT,Oren,Chaney,Fairfield,BC,dui@tinciduntpedeac.org,(716) 423-3351,,false,false,true,,false,true,,,false
613,WQF50LYK,Sara,Leach,Miami Beach,QC,sit@nec.org,(304) 561-7620,false,false,,,,true,,false,true,false
614,MZI84YCH,Logan,Flores,Gilbert,MB,aliquam.adipiscing@primisinfaucibus.ca,(236) 252-1998,false,,false,,,,false,,false,false
615,CZW71LAH,Jacob,Weber,Carson,BC,Nam.ac.nulla@nuncullamcorpereu.edu,(132) 615-7139,true,,true,,false,true,true,false,true,false
616,WSV13ZRC,Brooke,Wright,Anaheim,BC,tellus@enimMaurisquis.org,(651) 408-3039,true,true,true,true,true,true,true,,true,false
617,LKQ67SMD,Rina,Shannon,Butler,ND,Morbi@mifelisadipiscing.edu,(688) 386-6755,true,,,true,,true,,false,true,false
618,YOH77CLL,TaShya,Armstrong,Yonkers,ND,mi.Aliquam@mauriseu.ca,(717) 611-1161,,,,,,,true,true,,
619,WDQ67UVX,Uta,Kirk,Areceibo,AB,habitant.morbi@euaccumsansed.org,(290) 478-3522,,,,false,true,,false,true,true,true
620,IAS33LGS,Anastasia,Hudson,Tuscaloosa,FL,Proin@FuscemollisDuis.org,(307) 398-9967,false,,,,true,false,true,,,false
621,NTJ30IEA,Elaine,Rowe,Plantation,GA,mus.Proin.vel@sem.ca,(805) 882-1639,,true,true,false,,true,true,,false,true
622,GIU82QCJ,Emmanuel,Hammond,Hamilton,WV,Aliquam.erat@arcuMorbisit.edu,(726) 583-5299,true,,,,,,,,,true
623,KLU09RKO,Zachery,Goodwin,La Canada Flintridge,AK,id.blandit.at@molestiedapibus.org,(710) 229-5218,true,,false,,true,,,,,false
624,GJN34TGA,Adena,Hurley,Shreveport,YT,turpis.In@sagittis.ca,(161) 101-1017,true,false,,true,true,false,,,,true
625,WVR98TDZ,Sara,Gay,Powell,VA,Quisque.purus.sapien@iaculisenimsit.ca,(597) 536-7886,true,true,true,,false,,,true,,true
626,VHO58ZFO,Stacy,Blake,Dallas,VA,Integer@tortor.org,(987) 993-8778,,true,false,true,,true,,,,
627,NHU22TQC,Jerome,Gregory,Truth or Consequences,PA,nisi.nibh.lacinia@ligulaAeneangravida.org,(244) 778-1820,,true,,true,,,false,,false,
628,VFT29NBC,Hoyt,Greer,Brown Deer,NJ,non@accumsanlaoreet.com,(876) 549-0782,false,,false,false,,true,,,false,
629,LAH15UAO,Kyle,Tyler,Santa Cruz,CA,Duis.at@velit.com,(643) 468-7457,false,,,,,false,false,,,true
630,UGG16VZI,Dominic,Lara,Berkeley,SK,libero.dui@adipiscingelit.edu,(859) 910-2655,,,true,,false,false,true,true,,
631,VCN70RUJ,Elliott,Foreman,Wichita,NU,molestie@consequatpurusMaecenas.org,(462) 419-0906,,,false,,,false,false,false,,false
632,TIZ07DZT,Basil,Bates,Hermosa Beach,CO,velit.Aliquam@ac.ca,(185) 466-3784,false,,,false,,,true,,,false
633,BVG51WFM,Lee,Barker,Wausau,NB,iaculis@elitCurabitur.org,(748) 935-3084,false,true,false,false,,,,false,true,true
634,JNA24IVW,Gareth,Perry,Grafton,AL,porttitor.tellus.non@porttitorinterdumSed.ca,(370) 692-1389,,,,,,,,,true,
635,TLB70ZAE,Dorothy,Singleton,Charlottesville,HI,lacinia@nec.com,(524) 756-8756,true,,false,,,,true,,true,
636,FXY66NIM,Emerald,Sellers,Brea,NB,parturient.montes@tinciduntvehicula.com,(764) 739-8657,false,true,,true,false,,,,true,
637,IWO75XUL,Kieran,Franklin,Chickasha,NU,mi.lacinia@sedhendrerita.org,(795) 508-9679,true,,,,true,false,false,true,true,true
638,CLO69RMZ,Florence,Cole,Webster Groves,BC,lacus.Ut.nec@Nuncpulvinar.edu,(367) 449-1467,,true,false,false,true,false,,true,true,
639,CHM87ZVX,Hedley,Howell,Oak Ridge,NS,orci@tellusPhaselluselit.ca,(916) 165-0330,,,false,,false,false,false,false,false,
640,IKI95YOP,Dominic,Spears,North Chicago,WI,malesuada.malesuada@portaelita.edu,(710) 115-0604,,true,true,,,false,,,true,true
641,UOW85AKP,Martina,Kinney,Barrow,RI,quis@egetdictum.ca,(886) 901-1107,true,true,false,,true,,false,,,
642,KAJ10LHD,Kermit,Gaines,Waycross,AK,lectus@vitae.com,(885) 366-3289,,,false,false,true,false,false,,,
643,BBH63ZGS,Driscoll,Bush,New Castle,MO,consequat@convallisligula.com,(141) 103-1269,,,,false,false,false,,false,true,
644,FLU35WSS,Belle,Foreman,Olympia,KS,Aenean.eget.magna@pharetra.ca,(315) 328-8246,true,false,false,false,false,false,,true,,
645,EHY75FPL,Jena,Black,Bradbury,VT,Quisque@et.edu,(226) 426-8970,true,,,true,false,,,false,,false
646,BQO69UJV,Noble,Bradford,Truth or Consequences,ON,scelerisque.sed.sapien@dui.org,(688) 210-7457,true,true,,false,false,true,,,,
647,FCX02BCZ,Kelsey,Medina,Racine,MS,ornare@DonecestNunc.edu,(700) 646-1806,,false,,false,true,true,,,,true
648,CQB12LVK,Eagan,Vang,Arcadia,AK,at@turpisIncondimentum.edu,(747) 388-3703,false,,,true,,false,,,,false
649,OKO26KCA,Chester,Chan,Glens Falls,FL,velit@Sedpharetra.ca,(885) 289-6730,,true,,false,true,false,true,,true,
650,IWL80HVR,Aristotle,Davenport,Rhinelander,NS,aliquam.iaculis@blandit.com,(330) 425-7932,true,true,,true,,true,,,false,false
651,MDW55DCG,Arden,Hutchinson,Lynn,YT,Pellentesque.habitant.morbi@inlobortis.org,(913) 535-8029,true,,true,true,,false,,false,true,
652,HBG65QFJ,Martina,Hayes,Farmington,CA,et.magnis@augueSed.com,(611) 248-0948,,,true,false,false,,,,,true
653,KHR54DLL,Brian,Spears,El Cerrito,MB,dolor@posuere.org,(107) 434-7378,false,,true,false,,,,,true,true
654,KXU12DQA,Jada,Hayden,Sanford,NT,In.condimentum.Donec@quismassaMauris.ca,(951) 106-4842,false,true,,false,,true,false,true,false,
655,ELU34UYY,Madeson,Grimes,Chickasha,NH,lobortis.tellus.justo@blanditNam.org,(173) 943-5118,false,false,,,,true,true,,true,true
656,OBL89WHM,Alan,Hays,Evansville,ON,vulputate.velit@utcursus.org,(852) 410-6594,true,true,,true,,true,,,,
657,VYA03EDA,Nina,Bolton,Kent,NB,Duis.a.mi@lorem.ca,(537) 163-3264,,,,false,,false,,,true,false
658,TLT54LWU,Noble,Landry,Cohoes,BC,Donec.tempus@euodio.ca,(198) 510-7707,false,,,true,false,,false,true,true,false
659,NQY31AKX,Quentin,Holt,Normal,NT,fermentum.vel@rhoncus.org,(958) 402-3909,false,false,,,,true,false,false,true,
660,BDM85NDW,Kaseem,Crosby,Schenectady,BC,iaculis@Vivamus.com,(592) 395-8943,,,false,false,,true,false,true,,
661,UOB08AQQ,Abra,Bonner,Yakima,MB,amet.faucibus@Proinvelarcu.ca,(209) 859-7330,,true,true,true,false,true,,,,
662,NQO44BKD,Hu,Reeves,Dalton,QC,orci.consectetuer.euismod@seddolorFusce.edu,(597) 134-2068,false,,true,true,,,true,,true,false
663,AMD75LFV,Kendall,Spears,Orlando,BC,dui.Suspendisse@Fuscediamnunc.org,(977) 867-9747,true,false,true,false,true,true,,false,,
664,YYY67QJS,Gloria,Ryan,Juneau,AB,ipsum@dolorFuscefeugiat.org,(553) 283-8052,,,true,false,,true,true,,,false
665,KLP75KDL,Jameson,Petersen,Peekskill,NE,auctor.ullamcorper@urnaNullamlobortis.org,(984) 872-3921,false,false,false,false,,false,false,true,false,false
666,SKB12VJR,Paki,Myers,Somerville,NS,Nullam.scelerisque.neque@malesuadamalesuadaInteger.edu,(389) 572-2503,,,,false,false,false,,,,
667,FUP12JHN,Tucker,Haney,Signal Hill,ND,Phasellus.libero@per.com,(672) 896-0690,,,,,true,false,true,false,,false
668,BDZ29ZYA,Nash,Sims,Bay St. Louis,SK,pede.Cras.vulputate@sitametrisus.com,(489) 445-1958,true,true,false,true,,true,false,false,,false
669,UAG74SHN,Natalie,Sherman,Jackson,MB,Proin.vel.nisl@quisaccumsan.com,(708) 772-2755,,,,true,,false,true,false,false,false
670,UMD61XYJ,Miriam,Kidd,Toledo,BC,molestie.arcu@enim.com,(799) 976-8922,false,,,,true,false,false,true,false,
671,MVF37ABO,Adrienne,Francis,Santa Clara,NH,amet@nullaInteger.com,(202) 473-8519,false,,true,,true,false,false,false,,
672,BFX35QSL,Charity,Shields,Joliet,ID,eget.mollis@quisarcuvel.org,(652) 826-6603,true,,true,,true,false,,false,false,true
673,APF24LWA,Brendan,Weaver,Janesville,TX,Aenean.sed.pede@torquentperconubia.edu,(227) 552-1816,true,false,,false,true,true,,false,,false
674,HAR95GFR,Brendan,Hebert,Erie,ID,molestie.orci@sitametlorem.ca,(503) 237-6598,,,,false,,,false,true,false,false
675,ZZB31KCT,Vielka,Bowen,Monterey,MT,id.sapien.Cras@lacusvestibulumlorem.edu,(125) 819-7979,true,true,false,false,,,true,,,
676,SME22JEA,Griffith,Wagner,Aberdeen,OH,nulla.ante@Donec.ca,(759) 354-3179,true,false,true,,,true,,false,false,true
677,AKL06YMZ,Cadman,Cook,Wilson,RI,justo.Praesent.luctus@Aliquamadipiscing.org,(651) 695-3345,false,false,true,,,false,,,true,
678,HWH44GCU,Lawrence,Lancaster,Greenfield,VT,in.aliquet.lobortis@sedfacilisis.com,(613) 910-9855,,false,false,true,,,true,true,true,
679,ASD46HMP,Caesar,Beard,Cody,NB,tincidunt@placerateget.org,(900) 870-7392,,,,false,,false,true,true,,
680,DZY28RGO,Alexandra,Dillon,Seaford,NS,magnis.dis@tortornibhsit.org,(182) 340-9113,,false,true,,,false,,,true,
681,NLD77PUR,Olympia,Tyson,Beacon,UT,lorem@infaucibus.com,(489) 620-1889,,,,,,true,,true,true,
682,YNS81ZYH,Robin,Richards,Cypress,SD,purus.accumsan.interdum@cursusluctusipsum.ca,(922) 847-6232,,,false,,,true,true,false,,
683,KCW69IKQ,Lee,Prince,Topeka,YT,tristique.senectus.et@vestibulum.org,(234) 191-6252,,false,,,false,false,true,,false,
684,ZLH34GNC,Kamal,Burch,Guayama,SK,a.auctor@nulla.org,(195) 595-8030,,,false,,false,,false,,true,false
685,IZL94JLG,Hector,Rutledge,Garland,ON,Ut.tincidunt@malesuadaIntegerid.com,(786) 849-1157,,,,true,,,,,,
686,HYS97FXW,Gemma,Jimenez,Olean,MT,id.erat@quamelementumat.ca,(381) 580-8337,false,,false,,false,,true,true,,
687,WOI00FCV,Kirby,Kaufman,McKeesport,OK,viverra.Donec@cursuset.ca,(592) 972-8268,false,false,true,,true,,false,false,,true
688,MDW70PZX,Signe,Newton,Pine Bluff,NT,Nulla.tincidunt@velit.edu,(864) 118-0287,true,,true,,true,,true,,,
689,AXK40PHC,Sonya,Cannon,Sunbury,QC,eu.nibh.vulputate@ante.ca,(998) 663-0649,false,true,false,false,true,,true,true,false,true
690,AVN84DFN,Richard,Morse,Kingsport,NU,Sed@imperdietnecleo.org,(576) 344-0212,,,,,,,,true,false,true
691,VCT43FXK,Kadeem,Aguirre,Owensboro,OH,Aliquam.erat@lacus.edu,(592) 529-3095,true,,true,,true,,,,false,
692,LSN71USM,Sonia,Morse,Aspen,NS,vitae@eu.ca,(892) 612-9282,false,false,false,,,true,false,,,true
693,IJR69UWX,Aspen,Patterson,Brunswick,CT,eget.metus.eu@urna.org,(313) 904-2476,true,false,,,,,,,false,
694,CMW44YVS,Hamilton,Middleton,Gu nica,NL,Donec.felis@lacusvariuset.org,(406) 633-8482,true,,true,false,false,false,false,,true,true
695,IHS98CHU,Judah,Christian,Alamogordo,BC,nisl@nonummy.ca,(605) 877-1759,false,,false,true,true,,true,,true,true
696,OOT13MWM,Chantale,Hammond,La Canada Flintridge,NE,vel.est.tempor@sedduiFusce.com,(508) 255-7434,,,false,,,,,false,false,false
697,VMJ77ZFK,Jana,Mccarthy,Titusville,NH,nec.ligula.consectetuer@molestie.org,(209) 621-5309,,true,false,,true,,false,true,,false
698,UYG75NZB,Serina,Barber,Zanesville,MN,lorem.lorem.luctus@dolor.edu,(932) 303-1834,true,,false,,false,,,,,
699,TFA94DJR,Violet,Reyes,Brunswick,NU,fermentum@semconsequat.org,(438) 452-8455,false,,,,false,,,true,,false
700,RGR46FSM,Nathan,Cross,Barrow,NL,massa@ligulaeuenim.edu,(463) 882-6336,,,,,true,,true,,true,false
701,ZCZ39VRO,Brynne,Wiley,Eden Prairie,NV,eu.sem.Pellentesque@pedeet.com,(144) 700-9078,false,true,,true,false,,false,,,false
702,MQO93QZJ,Montana,Price,Cruz Bay,NT,interdum@adipiscing.ca,(130) 984-2064,true,false,,true,false,true,,false,,false
703,MPR45OXV,MacKenzie,Marks,Fort Dodge,NB,Nulla.eu@tincidunt.org,(233) 854-3878,,,true,false,false,false,false,true,false,
704,ZIM31BSO,Victor,Kent,Kennesaw,NM,vel@lacuspede.ca,(418) 780-3796,false,false,true,,true,false,,false,,false
705,BGH89CYG,Sage,Vazquez,Tucson,AK,massa.lobortis.ultrices@augueut.com,(230) 470-2024,false,false,false,,,false,,,,
706,KND49XMD,Vivian,Richard,Monroe,QC,nunc@pellentesqueSed.org,(843) 177-4514,true,false,false,,false,true,true,false,true,true
707,JKG74ZNW,Keegan,Meyer,Forrest City,NL,eu.augue.porttitor@lobortisaugue.com,(241) 748-4551,,,false,true,true,,,false,,false
708,RYU86GSE,Quin,Dotson,Flint,NJ,pede.nonummy@nisl.ca,(819) 324-0574,,,true,false,false,true,,,,
709,NAM42TXI,Demetrius,Newman,Rosemead,OR,quis.lectus.Nullam@Curabituregestasnunc.org,(555) 492-8035,,,,true,,,true,false,,
710,CTN60LYY,Justine,Forbes,Lafayette,AL,mauris@dignissim.edu,(443) 500-3537,false,true,false,false,,true,,true,true,false
711,CAO45QMV,Cecilia,Snow,Mesa,AB,nec.leo@nonfeugiatnec.edu,(399) 105-8607,,false,false,false,true,true,,true,,
712,ATL08MNQ,Brenda,Mcconnell,Hollister,NL,sed.libero@pellentesquea.ca,(404) 120-8726,,true,,true,,true,false,false,false,false
713,ABH50NPY,Ethan,Stephenson,Moorhead,NS,libero.Morbi@liberoatauctor.org,(164) 846-3544,,,,,false,false,false,,false,
714,QCW09JTH,Thor,Crane,Rensselaer,BC,vel.mauris@lorem.com,(803) 397-4164,,,false,,false,false,,,,false
715,NMH87HPF,Hedda,Cooley,Palmdale,WY,at.iaculis.quis@FuscefeugiatLorem.org,(845) 966-0100,false,false,false,,,,true,,true,true
716,NOA15SSQ,Ronan,Richard,Port Jervis,NU,Nunc.mauris.sapien@odioauctorvitae.com,(826) 224-3092,true,false,true,false,false,,,,true,
717,KDU02BLP,Anthony,Henry,St. Marys,WV,sed@eratvolutpat.org,(238) 554-8008,,,,false,false,,,,,
718,HMM09AOV,Arden,Mcfadden,Pasadena,DE,et.rutrum.eu@justo.ca,(893) 916-9085,,true,true,true,,false,,,true,
719,RHL02PRF,Lucy,Mcconnell,Rohnert Park,NM,rhoncus.id.mollis@parturientmontes.org,(132) 162-3810,,true,,true,,,false,false,,true
720,NXB70SCI,Leroy,Donaldson,Huntington Beach,SK,posuere.enim@Maurismolestiepharetra.org,(430) 412-1549,,,,,,true,,,false,
721,DMO19RLB,Carson,Stephenson,Yuma,NU,arcu.eu.odio@Aeneaneuismodmauris.com,(988) 593-9124,,true,,true,,false,false,,,true
722,TVK63JZI,Joel,Diaz,Saint Cloud,PE,Donec.luctus@blandit.com,(393) 367-4818,true,true,,false,,false,true,,,
723,LRF89WPK,Nero,Patton,Fairfax,LA,lectus.quis.massa@elit.ca,(407) 903-1341,true,false,false,,true,true,,,false,
724,IRQ05RLS,Adrienne,Walls,Sedalia,QC,velit@vestibulumloremsit.org,(750) 469-4689,false,,,,true,true,true,,false,false
725,QPZ60PQN,Denton,Jackson,Kona,VA,at.lacus.Quisque@consequat.ca,(875) 541-9580,,false,,,,,,,,true
726,EQT71GVC,Rinah,Petty,Charleston,CA,Integer@diam.com,(295) 708-0794,true,false,false,,,true,true,,,true
727,UWP35PFQ,Haley,Charles,Brigham City,CO,ut@imperdiet.ca,(405) 475-3278,false,true,,,,false,,,,true
728,AJV57OAC,Quinn,Sampson,Webster Groves,HI,eu.dolor@necquam.ca,(758) 167-4497,,true,false,,,false,true,,true,true
729,LJD23TBW,Calista,Anderson,Monrovia,NS,cubilia@loremtristique.com,(931) 196-4059,false,,,,false,,true,false,true,true
730,BSC27AXE,Anjolie,Jones,Christiansted,NJ,sit.amet.metus@id.ca,(150) 947-4671,,,false,true,,true,,,,
731,FHA21LZP,Amity,Owen,Rensselaer,DE,ullamcorper.velit@nullaante.com,(769) 682-0743,true,false,true,,false,,true,true,false,
732,QXS55PVO,Gil,Garcia,West Sacramento,IL,non.dui@Crasinterdum.org,(390) 779-4448,true,,,true,true,,,,true,
733,GQW24OFV,Yuli,Moreno,North Platte,NS,lacinia.vitae.sodales@mollis.edu,(932) 187-4861,,,,,false,false,true,true,,
734,CXT39PCM,Jonah,Ruiz,Mount Pleasant,MD,fames.ac.turpis@necenim.ca,(438) 913-5084,,false,true,true,,,,,false,true
735,ABA89DHM,Dane,Calderon,Wisconsin Rapids,KY,non.feugiat@ridiculusmus.ca,(779) 688-8840,,,,,,,true,false,,
736,XTH83DRF,Whoopi,Black,East Lansing,NT,molestie.pharetra.nibh@mi.org,(520) 818-5605,true,,false,true,true,false,,,,true
737,BHT11WAR,Jolene,Bell,Dunkirk,NM,dui.quis@ultricies.com,(133) 156-2088,false,false,,,,,,true,,true
738,PYX90KPH,Jeremy,Holcomb,Butte,NL,Quisque.libero@congue.ca,(163) 289-8819,true,true,false,false,,true,,,,
739,BFU33RIF,Jeanette,Kline,Colorado Springs,IL,tincidunt.nunc.ac@et.ca,(355) 864-1872,true,,true,false,,true,true,true,true,false
740,SHA21SSF,Kevin,Jimenez,Mandan,KY,auctor.vitae.aliquet@vitaesodales.com,(610) 200-9896,false,,,,,true,false,,false,
741,LAL51NOC,Francis,Jones,Sandy Springs,BC,egestas@Vivamusmolestiedapibus.com,(370) 271-3515,false,,true,,,true,,,,
742,ALF06YFZ,Jordan,Gomez,Longview,SC,magnis.dis@mauris.edu,(278) 786-0067,,true,,,false,false,false,,true,
743,WKW60RHE,Odessa,Whitaker,Torrington,AK,ornare.lectus@etnetus.com,(301) 683-7084,,,true,false,,,false,,true,true
744,CGR28MPP,Kibo,Kelley,Bell Gardens,SK,enim.sit@Donecfelis.ca,(740) 921-2788,false,true,,true,false,,,true,false,
745,VYO88VZD,Madeline,Sparks,Warwick,KY,sodales@Duisatlacus.edu,(732) 183-7607,false,true,false,true,,,false,true,false,true
746,DKC34WRD,Kaye,Pace,Toledo,NT,Sed@eratEtiamvestibulum.edu,(291) 476-9330,false,,,false,,true,true,false,,
747,IIE57WET,Darrel,Lawrence,Rawlins,NH,dignissim.pharetra@quismassa.org,(632) 512-1444,true,true,false,true,,,,false,false,
748,AZS24XNQ,Gwendolyn,Arnold,Bradbury,PA,lacus.vestibulum.lorem@quis.com,(604) 627-2265,false,true,true,,,false,true,,true,true
749,GPP72WNL,Cain,Cobb,West Memphis,SK,et.euismod@dis.com,(744) 133-1120,,,,false,false,,,true,true,
750,HTY78HDA,Hasad,Hester,Albany,NT,Phasellus@nec.ca,(832) 665-4432,true,false,false,,,,,,true,true
751,PNG80WKO,Devin,Peters,Sioux City,PE,lorem@enimNuncut.com,(216) 924-0647,,,false,false,false,false,,true,,
752,JPT05ANR,Melanie,Valdez,Joliet,ID,et.tristique.pellentesque@vitae.edu,(628) 953-8379,false,,,false,true,true,,true,true,false
753,ZMP84EEH,Kamal,Ward,Duquesne,IN,fringilla.est@Sedeunibh.org,(712) 510-4962,true,,false,true,,,,,,true
754,JKV68YSJ,Shea,Griffith,Muncie,LA,euismod.ac.fermentum@Fuscealiquamenim.org,(140) 366-7475,,false,,,,,,,,true
755,TCK73AKB,Illana,Clark,Oklahoma City,ND,imperdiet.non.vestibulum@sociis.edu,(503) 330-2452,,,true,true,,,true,,false,
756,GYD51MPL,Veda,Brewer,Reading,NH,nunc.risus.varius@duinec.com,(866) 224-2422,false,true,,,false,true,,,,true
757,EKO75WGW,Geraldine,Howe,Charleston,RI,ipsum@sitametante.edu,(660) 482-8836,,true,true,,false,,,,,true
758,MOD49YTV,Price,Castaneda,Las Vegas,MB,molestie.Sed.id@MorbimetusVivamus.ca,(869) 102-1164,,true,,false,,,false,false,,
759,ZZD90DHG,Dexter,Whitaker,Rhinelander,DC,at.nisi.Cum@pretium.ca,(408) 790-5225,,false,true,,true,,,false,false,
760,GQI13HFW,Kane,Hubbard,Kankakee,HI,Nam@estarcu.edu,(444) 181-0085,,true,,,,,false,true,,
761,CNO66KUR,Ira,Mcintyre,Compton,OK,luctus.ipsum.leo@turpisegestasFusce.ca,(921) 693-3672,true,,,true,true,,false,,false,true
762,CRC22BPP,Michelle,Frazier,Stafford,NS,dictum.augue.malesuada@vitae.com,(936) 416-4936,false,false,,false,false,true,false,,,
763,AMI68NFG,Karly,Macdonald,Troy,OH,ut.dolor@Nuncpulvinararcu.edu,(311) 215-2489,true,false,,,false,,,,true,true
764,DZB31GXM,Mason,Perry,Johnson City,NS,montes.nascetur.ridiculus@tristiquesenectuset.com,(755) 188-0879,true,,false,true,,false,false,true,,false
765,MQO06KWR,Darrel,Mccall,Newton,FL,nibh@ac.ca,(413) 575-9751,true,false,,true,true,false,,,false,
766,ZNY39RWY,Imogene,Harvey,Bessemer,WI,Donec.feugiat@Quisqueporttitor.org,(984) 110-3084,,,true,false,true,false,true,,,false
767,XQJ36MKZ,Kristen,Foley,Kalispell,WI,eget.nisi@semelitpharetra.ca,(445) 513-6458,,true,,true,,,false,true,,false
768,DYY64BZB,Kalia,Landry,Taylorsville,MT,sem.semper@vitaeorci.ca,(252) 943-6289,false,,,,false,false,,true,,
769,LMQ63CAA,Gil,Sparks,Warner Robins,BC,lectus.a.sollicitudin@eratsemperrutrum.org,(535) 740-4101,false,true,false,,,,,,,
770,JMQ81BXQ,Dara,Allison,Reading,PE,iaculis.odio.Nam@Donecfeugiat.edu,(743) 878-1118,,,,false,,,,,false,false
771,KTN76IOU,Ignacia,Nichols,New Brunswick,CO,at@feugiatnonlobortis.com,(936) 958-2975,true,true,,,,,true,,false,
772,OLB24OBR,Kane,Rowland,Elizabeth City,NT,volutpat@ametfaucibusut.com,(355) 321-3885,,,false,,,false,,false,,
773,DQH68PUG,Hilda,Olson,Schenectady,IN,dictum.mi@nisi.edu,(738) 840-6732,,,,true,true,,false,true,,false
774,YOK84VVB,Lucy,Christian,Hanahan,ID,Phasellus.elit@rutrumFuscedolor.org,(889) 450-2140,,,true,,false,,,,,
775,HZK24ZGR,Buffy,Perry,Rye,HI,Integer.vitae.nibh@laoreetlibero.ca,(382) 233-2679,false,,false,,true,false,false,false,true,
776,RIM94VFQ,Hope,Ayala,Modesto,KY,Quisque.nonummy.ipsum@Cras.ca,(996) 457-0058,,false,false,false,false,true,,,false,
777,YAZ64PIL,Lenore,Serrano,Flagstaff,WA,felis.purus.ac@nec.ca,(916) 616-6957,,false,false,,true,true,,,,
778,VFH48MDM,Jason,Patel,El Segundo,NS,libero.Morbi@morbitristique.edu,(108) 622-0259,true,true,false,false,,false,,,,false
779,KUC23IMK,Macy,Bender,Healdsburg,MB,orci.luctus.et@justoProin.edu,(961) 105-5458,,,true,,,false,,false,true,true
780,TRG87HKG,Myra,Aguirre,Beverly,QC,interdum.Sed.auctor@Nullamutnisi.org,(872) 982-7113,true,,true,,,false,true,,,true
781,ATI36FNL,Hadassah,Mueller,Richland,KS,cubilia.Curae;.Phasellus@neccursusa.com,(962) 329-3247,,true,,true,true,false,false,false,,
782,FEW54DNU,Haley,Wilkins,Melrose,NS,Quisque@ettristique.ca,(177) 349-8996,,false,,false,false,true,,false,,false
783,ZUV70GSW,Carla,Pace,Loudon,NB,sit.amet@molestieintempus.edu,(675) 575-3184,true,,false,true,true,,,false,false,
784,MXV04ORU,Michael,Levine,Elko,MS,Fusce@egetlaoreetposuere.edu,(963) 678-0275,,false,false,false,true,false,false,true,true,true
785,FNH51AKF,Cullen,Branch,Plainfield,VA,Nullam@famesacturpis.org,(545) 720-4863,,true,false,,false,true,true,true,false,
786,VUX34DKX,Warren,Boone,Eugene,MN,ut@litoratorquentper.ca,(546) 232-7988,,false,,false,,,true,true,false,false
787,VER43BSC,Amity,Marks,Walnut,WA,ut.sem@nuncest.org,(169) 646-5056,true,,,,false,false,,,,
788,XNE80OMR,Leo,Barlow,Flagstaff,SD,luctus@ornareInfaucibus.ca,(453) 672-7670,,true,,true,,false,true,,false,
789,EMS50NUV,Britanni,Johnson,Topeka,OR,tempor.diam.dictum@ProinvelitSed.edu,(976) 334-4638,false,,,,,true,,,true,false
790,SRX39FVL,Tasha,Chaney,Erie,PE,Proin.ultrices.Duis@ligulaNullamfeugiat.org,(164) 875-3729,,false,,,false,,false,false,,true
791,EYD67WDD,Laurel,Hodge,Brookfield,VT,posuere@noncursusnon.ca,(852) 834-5351,,,,false,,true,,,true,true
792,MRK75SDC,Boris,Osborne,Derby,RI,ipsum.dolor@nectempus.edu,(657) 273-6802,true,false,,true,false,,,,false,
793,DYY81TFT,Kerry,Drake,Altoona,CA,enim.condimentum@id.com,(953) 377-3564,false,true,false,true,true,,true,,,true
794,PSH99CQH,Mona,Flowers,Portsmouth,NU,nascetur.ridiculus@inconsequatenim.edu,(413) 398-3406,,,,false,false,false,false,,true,false
795,VIM16JBA,Renee,Bolton,Oklahoma City,TX,Quisque.ornare.tortor@elit.edu,(899) 983-3910,true,false,false,false,,,false,,,
796,BIV92QHP,Lisandra,Jones,Peru,WY,euismod.ac.fermentum@musAeneaneget.com,(854) 115-0560,,,,false,,true,false,true,true,
797,BCC51FCF,Remedios,Robbins,Fairmont,SK,Donec@fermentumvel.ca,(823) 615-4731,,,true,,false,true,true,false,,false
798,LJI89NIK,Daria,Orr,Monrovia,NH,malesuada.malesuada@acfacilisis.org,(407) 175-9976,true,,,true,,true,false,,false,
799,UQF56ZCO,Venus,Silva,Dana Point,NT,commodo.tincidunt@dui.org,(444) 336-8028,,true,false,,,,,true,,false
800,GEZ74IKH,Graham,Mcfarland,Cheyenne,WA,In.ornare@nonummyacfeugiat.edu,(395) 424-1878,false,,,,,true,true,true,false,true
801,GTY70EFG,Alden,Vargas,Bay St. Louis,ON,ac.libero@blanditviverraDonec.ca,(227) 993-6528,,,,false,,,,,,
802,HIH02GKW,Quinn,Norris,Paducah,VT,Fusce.dolor@estNunc.com,(657) 567-5909,,,,true,true,,,,false,false
803,TDS46JEF,Gage,Erickson,Cruz Bay,NS,convallis@adipiscingelitEtiam.com,(638) 160-3677,,,true,,,,,true,true,true
804,YKD74VUV,Justine,Mathews,Manhattan Beach,NV,ad@ametloremsemper.com,(147) 496-1867,false,false,false,false,,true,true,,true,true
805,YVL72JKL,Dominic,Blair,Chico,MS,egestas@bibendum.com,(502) 399-6872,true,,,true,,false,,false,true,
806,IYP62NOV,Haviva,Figueroa,Bayamon,AB,vitae.mauris@sit.ca,(545) 883-7026,true,false,,true,,,false,,true,false
807,KKS92OJY,Logan,Munoz,Montpelier,MS,lectus.pede@Phasellus.ca,(371) 635-0147,,,,true,,false,,true,,false
808,IFG48PAZ,Patience,King,Perth Amboy,GA,Cras.dolor@eleifendnecmalesuada.org,(492) 529-0125,,false,false,,,,false,,true,true
809,IWR53XNK,Akeem,Pittman,Waltham,MI,lacus.Nulla@elit.ca,(572) 453-4291,true,,,false,false,,,false,false,
810,BSC30RSM,Tatiana,Morris,New Orleans,ON,lobortis@In.ca,(662) 996-6047,,false,false,,true,,,false,,
811,MBI70HJR,Garth,Roman,Johnstown,ON,Sed.auctor@duiSuspendisse.edu,(334) 755-5890,,false,false,,true,false,,true,false,
812,LHY80MLO,Felix,Hinton,Nanticoke,NU,sed.sapien.Nunc@semperNam.com,(908) 441-3107,,,false,false,false,,true,,false,
813,JDZ24MKU,Levi,Hensley,Middletown,AZ,faucibus@Duisami.org,(481) 450-3384,true,true,false,,,true,,false,true,
814,HLO37CLD,Ivana,Duffy,Modesto,YT,faucibus.orci@sitamet.ca,(957) 803-8213,,true,,,,true,,true,,
815,KBS19SMT,Yoko,Morrison,Charlottesville,MO,commodo@sitametdapibus.com,(412) 231-8963,,false,,false,,,false,true,,true
816,TBC01LEC,Gloria,Salas,Knoxville,NL,feugiat.Lorem@leo.edu,(512) 507-0814,,,,true,,,,false,true,false
817,YDJ26LYT,Damian,Brock,Dana Point,ON,odio@habitantmorbitristique.edu,(160) 484-1229,false,false,false,false,false,,false,,,false
818,WXU92QKJ,Vivien,Moss,Effingham,QC,Cras.interdum.Nunc@tincidunt.edu,(206) 378-5823,false,,,true,,false,,,false,false
819,KTE09YYN,Reuben,Chang,Shawnee,NV,tellus.id.nunc@Suspendisse.org,(684) 720-9751,,false,true,,true,true,,,false,
820,RAQ07WDS,Lynn,Nichols,Spartanburg,YT,nec@consequat.ca,(674) 414-6547,false,,true,true,false,,,true,,false
821,QIE06HOJ,Rhiannon,Wilson,Bowling Green,DC,neque.tellus.imperdiet@in.org,(609) 932-5053,false,false,,false,false,,,true,true,false
822,KNN34WQB,Wynne,Dickerson,Hammond,QC,dui.quis.accumsan@Integereu.ca,(901) 632-3110,,,,,,true,true,true,false,
823,JGM58VVC,Allen,Warren,Charlotte,MT,aliquet.metus.urna@loremut.org,(995) 652-6390,false,,false,true,true,true,true,,true,false
824,NVK04XHB,Denise,Cook,Cape Coral,NV,justo.faucibus.lectus@condimentumeget.edu,(508) 396-5424,,,,true,,,false,,true,
825,QMC47ABH,Jocelyn,Ferguson,Rye,VT,lacus@placeratorcilacus.ca,(339) 819-9665,true,,true,true,false,,false,true,,true
826,NUF45KKO,Zenia,Bradley,Bay St. Louis,NU,rutrum.justo.Praesent@felispurusac.com,(456) 447-1098,true,,true,false,,,true,,true,false
827,AYT62EKL,Colton,Golden,Falls Church,CT,vulputate@Pellentesquehabitant.com,(758) 118-1858,,false,,true,false,false,,,false,
828,YDJ81MQI,Halla,Cleveland,Carson City,VT,lacinia@ipsumprimis.ca,(378) 504-7012,false,,,true,false,,,false,,true
829,AXQ83SGD,Rebekah,Hopper,Hawthorne,MI,a.feugiat.tellus@laoreetlibero.org,(299) 929-6517,,false,true,,true,,false,true,,
830,FFE11LEV,Xanthus,Gamble,Marietta,MB,nec@velquamdignissim.com,(535) 830-4849,true,,false,,false,,false,,false,false
831,QFS10AGL,Sybil,Powers,Irving,MI,tellus.Nunc.lectus@euodioPhasellus.org,(528) 493-5807,,,,false,false,,true,,false,
832,YQF89DDM,Yetta,Christensen,Edmond,NJ,egestas@ut.ca,(100) 668-6859,,true,true,true,false,true,,true,false,
833,HGN28FDM,Berk,Patton,Hollywood,BC,ac.mattis.ornare@ridiculusmusProin.ca,(746) 779-3746,true,false,,,,false,true,,false,
834,YUI55CMW,Ruth,Walker,Loudon,PE,Curabitur.dictum.Phasellus@nonvestibulum.ca,(945) 133-2594,true,,,false,,,,,false,
835,EHF63PAO,Bevis,Valentine,Zanesville,ON,turpis@atrisus.edu,(860) 288-3567,false,false,true,false,false,,,,false,true
836,DQM27JCE,Wing,Pickett,Torrance,AZ,sapien@metusurna.org,(979) 588-7378,,true,,false,,,false,,,true
837,JUS22NCA,Ryder,Schwartz,Sheboygan,MD,sed.dui.Fusce@semconsequatnec.ca,(393) 455-4991,true,,true,false,true,true,true,,true,
838,MUV81KKO,Ginger,Guerra,Peoria,BC,ullamcorper.eu.euismod@sitametrisus.edu,(831) 600-6462,true,true,,true,false,,,false,true,
839,SDU86VWJ,Erasmus,Lloyd,Naperville,NB,aliquet.molestie.tellus@Sedpharetrafelis.com,(823) 236-7653,false,,true,true,false,false,false,,,true
840,DUF59OES,Claudia,Randall,Brookings,BC,malesuada@dictum.edu,(900) 272-6734,false,false,false,,,,,false,false,true
841,PMP66IXH,Britanney,Frost,Rutland,QC,Cras@acmetus.com,(987) 111-8683,,true,true,,true,,,,true,
842,DIG83KAG,Alden,Sawyer,Morrison,MB,lobortis.risus.In@molestie.org,(680) 423-8096,,true,true,,false,,,true,,false
843,JFH35ORM,Marvin,Mckinney,Buena Park,VA,tempor.est.ac@nibhDonec.com,(154) 467-0188,false,,true,false,,true,,false,false,true
844,SON19EXA,Germane,Reed,Sturgis,BC,urna@velitegestas.org,(882) 701-4097,true,,,,false,false,,,,true
845,IQU63VTV,Vanna,Nieves,Marlborough,NE,nibh.dolor.nonummy@Pellentesqueut.org,(294) 495-7075,true,false,false,false,,,,,false,false
846,XUI32HXZ,Florence,Nicholson,Lebanon,BC,mi.Aliquam@utpellentesqueeget.com,(186) 995-3907,false,false,true,false,true,,,true,true,
847,GJB92YLQ,Vance,Lancaster,Geneva,WI,cubilia@eunequepellentesque.ca,(731) 356-1060,,,false,,true,false,false,,,false
848,SNL87ZNZ,Abdul,Cardenas,Beaver Falls,NL,non@cursusaenim.ca,(476) 670-7646,,,false,true,true,true,false,false,,true
849,RII38CJR,Quinn,Riddle,Gastonia,ID,molestie@ipsumnonarcu.edu,(689) 571-4052,false,false,,,true,,,true,true,true
850,VLT79NYJ,Kerry,Jordan,Muncie,NV,mi.ac.mattis@nislelementumpurus.com,(486) 701-3881,true,false,,,false,false,false,false,true,
851,AQS63STS,Lois,Monroe,Texarkana,LA,morbi.tristique@Integerin.ca,(383) 574-1228,false,false,false,true,,,,,false,false
852,YYB34WSO,Buffy,Anthony,Hazleton,ON,sapien.gravida.non@IntegerurnaVivamus.org,(967) 872-0701,,,,false,,,false,,false,false
853,XPW64QWM,Isabella,Vincent,New York,HI,Nam@netus.ca,(241) 311-5199,false,false,,true,,,false,,,false
854,WWW91ACT,Caryn,Bowman,Omaha,YT,eleifend.nunc@tempordiamdictum.edu,(343) 524-0881,false,false,,false,,,false,,true,
855,AQD41LWE,Ezekiel,Parker,Fayetteville,SK,quam@a.edu,(214) 317-6535,false,true,,true,true,true,,false,,true
856,SSA19DXQ,Mollie,Dale,Cicero,IL,vestibulum@dictumeuplacerat.edu,(669) 277-6171,true,false,false,,false,,,,,true
857,XGO83INZ,Kenneth,Ellis,Charleston,NB,rutrum.eu.ultrices@at.com,(137) 267-6685,,,,true,true,,,false,,
858,RGW34MCD,Byron,Waters,Omaha,NS,elit@netus.org,(107) 112-9353,false,,false,,false,false,,,,
859,UNF55JWO,Melyssa,Hardin,West Haven,MB,diam.Duis.mi@lobortisClass.org,(962) 572-6838,,true,false,,,false,true,true,false,
860,WJX18QKM,Katell,Raymond,Gadsden,IA,mollis.Phasellus.libero@orci.edu,(209) 609-5996,,true,,true,,,,,false,
861,JRW33WGV,Rylee,Case,Lock Haven,MB,arcu.iaculis.enim@Donectemporest.ca,(851) 791-8380,true,,true,false,true,,,,,true
862,QTJ74IXH,Madeson,Pratt,Fairmont,ME,lectus.pede.et@arcuVestibulum.com,(314) 418-7314,,,,,true,,true,true,,true
863,YGC46HGK,Lilah,Guthrie,Santa Monica,IL,nisi.Cum.sociis@infaucibus.edu,(392) 798-4521,false,,,,true,,false,,true,
864,YJA20XBM,Jelani,Garner,New Iberia,NV,nunc.id.enim@risus.org,(807) 978-2261,,,false,true,,,false,,false,false
865,RMH43AFQ,Dennis,Spencer,Rhinelander,NH,auctor@semper.ca,(420) 111-2613,,,false,,true,true,false,,false,
866,JVB48FPB,Tana,Patterson,Inglewood,MB,lobortis@iaculisenimsit.edu,(510) 975-0234,false,true,,,false,,true,false,false,
867,JOB45WAP,Ariel,Giles,Arvada,MN,eu@cursus.edu,(893) 488-9040,,,,,true,,false,true,,true
868,JOW69ROV,Patricia,Anderson,South Portland,SK,egestas.lacinia@lacinia.ca,(952) 233-8961,true,,,,true,true,true,,,
869,VBN12VMB,Rhoda,Buckley,Concord,NY,Quisque.purus@feugiatSednec.edu,(669) 346-4482,true,,,false,true,,,,,true
870,OGO45BBZ,Keelie,Walker,Daly City,BC,turpis.vitae.purus@turpisIn.com,(273) 188-4798,,,,,false,true,,true,true,
871,FKI54EKV,Thomas,Galloway,Raleigh,NB,nisi.Cum.sociis@enim.ca,(138) 979-5384,false,true,false,,false,true,false,,,
872,NFP31IJS,Noelani,David,Casper,OH,lorem@musDonecdignissim.com,(693) 584-5061,,false,false,true,,true,,,,
873,GTT52RBV,Naida,Oneal,Westminster,NJ,odio.sagittis@ametmetusAliquam.ca,(115) 744-0658,false,,,true,true,,false,,false,true
874,DZS66FBT,Suki,Meyer,New Madrid,AL,leo@aliquetmagna.ca,(274) 538-5557,,false,true,,true,false,,,false,false
875,ITS72BPW,Leila,Carter,Middlebury,AB,in.faucibus@fringillaeuismodenim.com,(533) 780-9092,true,false,false,true,true,,,,true,
876,ZYS36OIO,Mari,Flowers,Sonoma,NL,vestibulum.nec.euismod@convallisantelectus.org,(700) 714-1627,,false,,true,,,,true,,
877,RAZ77CEY,Ray,Hardin,Portsmouth,SK,est.mollis.non@lacusvestibulum.ca,(992) 600-5655,false,,,true,,,,,,
878,KIU69WSN,Jared,Curtis,Bangor,NT,amet.risus@et.org,(479) 801-3938,,,,true,false,,,false,,false
879,HAX29ZLF,Vanna,Sandoval,Beacon,NB,Aenean.eget.metus@natoque.ca,(963) 780-2219,false,,,false,false,,,false,,true
880,VQN13IGR,Levi,Hodges,Naperville,SC,rutrum.Fusce@ac.com,(244) 868-5123,false,,false,true,true,true,,true,true,
881,CIJ51AKR,Cameran,Michael,Baytown,AB,sit.amet@diamlorem.edu,(297) 207-9937,,true,false,true,false,false,,,,
882,RKO35PEN,Leila,Jennings,Fairbanks,QC,per@adipiscingfringilla.ca,(426) 863-9363,false,,false,false,false,,,false,,
883,XKH52YYE,Deborah,Mckenzie,Miami Beach,VA,tellus.id.nunc@aptent.edu,(722) 750-5015,,,,false,true,true,,,,
884,LTT65ISB,Hector,Short,Orem,NS,convallis.est.vitae@non.ca,(235) 779-1714,true,true,,,,,true,,true,
885,KJM90GXG,Alexis,Branch,Oak Ridge,OR,Sed.eu@et.ca,(379) 465-4609,false,,false,,,false,,,,true
886,BXN02COR,Olivia,Mcintyre,Niagara Falls,NU,sed.pede.Cum@mattisornare.edu,(630) 948-0002,true,,,false,true,,,,,false
887,SDR71EPE,Debra,Mcintyre,Irvine,ME,fringilla.ornare@in.edu,(991) 408-5220,true,true,,false,,true,true,,,
888,WGO06QXF,Stone,Carver,Farrell,ON,Quisque.ornare@duilectus.com,(869) 515-6474,false,,false,true,,,,,false,false
889,HRT21YUW,Inga,Luna,Evanston,WV,massa@felisadipiscingfringilla.org,(270) 591-6176,,true,false,true,true,,,,false,
890,WQG81EAT,Germane,Richmond,Half Moon Bay,NT,taciti@Etiamvestibulum.ca,(478) 881-2466,false,,,true,,false,false,false,,
891,XWF77AWZ,Inga,Joseph,New York,NL,Quisque.ornare.tortor@Maurismagna.com,(993) 175-8899,,false,true,true,,,false,,,
892,VBV11QTZ,Josephine,Rasmussen,Terre Haute,DE,vitae@enim.com,(793) 647-1105,,,true,,,false,,,true,
893,HZQ66CKT,Connor,Holloway,Fairbanks,IN,vestibulum.nec.euismod@rhoncus.com,(561) 697-7857,,false,true,false,,,true,false,true,true
894,BEK17IYN,Connor,Joseph,Davis,NT,venenatis.lacus@aceleifendvitae.org,(899) 476-1218,true,false,,true,,true,false,,true,false
895,POE59YDA,Chelsea,Franco,Topeka,IL,eget@vulputateeuodio.com,(952) 525-7037,true,,true,,false,false,,true,,false
896,LUC62HEB,Flavia,Lynn,Rolla,AB,non@orciinconsequat.org,(865) 165-5597,,,,,true,,,false,,
897,IBL81DLT,Octavia,Goodman,Lake Forest,PA,Proin@nullavulputate.edu,(521) 152-7863,,false,true,,,false,true,,,true
898,JDF41SRX,Lucian,Frye,Fond du Lac,PE,Aliquam.nisl.Nulla@elitdictum.org,(625) 973-0954,false,true,false,false,true,,,,true,true
899,MFA91UJF,Nolan,Wagner,Newport,NB,consequat@commodotincidunt.org,(665) 873-9796,,,false,true,,,true,false,true,false
900,MIC01UIC,Lee,Ewing,Rancho Cucamonga,AL,fermentum.convallis.ligula@orciUtsagittis.com,(455) 711-5274,false,false,,,,true,,false,,
901,RKH21LKR,Mona,Burke,Cape Girardeau,ON,natoque.penatibus.et@Nullam.org,(391) 828-4418,,true,,,,,true,true,false,false
902,QGG81NRP,Wylie,Salinas,Irvine,OR,ut.pharetra@fringillaestMauris.org,(810) 299-7887,false,,,,true,true,,,false,false
903,CQG07FCM,Bernard,Wyatt,Evanston,FL,lacinia.at.iaculis@cursus.org,(985) 799-1076,true,false,,,true,,false,,,false
904,KQE93DYN,Charde,Ortega,Coatesville,NV,a.tortor@faucibusleoin.edu,(724) 728-8815,false,false,true,true,false,true,,,,true
905,WRG33LEE,Gloria,Fernandez,Rancho Cucamonga,OR,Vivamus@sociisnatoque.edu,(560) 290-2031,,true,false,,false,,false,true,,
906,BVU19SEG,Rana,Matthews,Hamilton,QC,lorem.vehicula@lectusNullamsuscipit.org,(289) 982-5474,true,,true,false,true,,,,,
907,JLX24SPZ,Cherokee,Fuentes,Idaho Springs,DC,sem.mollis@placerataugue.edu,(312) 731-9967,,,false,,,,,,,false
908,KFL69UVX,Palmer,Jackson,Plano,DE,rhoncus.Donec@Vivamus.ca,(374) 628-1694,false,true,false,true,,,,false,true,
909,PSG03NWM,Candice,Roach,Uniontown,AK,ac.metus@semper.com,(675) 407-3149,true,false,,true,,false,,,,
910,FQX70XLI,Aphrodite,Underwood,Fairfield,UT,orci.Donec.nibh@velvenenatis.ca,(887) 983-1731,true,,,,,,,,false,
911,EBK80HFE,Aimee,Luna,Fontana,AK,semper@ornareplaceratorci.ca,(242) 642-8322,true,,,true,,false,,,true,
912,LRR62DWB,Karina,Berger,El Monte,UT,In.nec.orci@enimEtiamgravida.org,(441) 554-5301,false,true,false,false,,false,,,false,false
913,SCM85BID,Isaac,Gray,Fort Collins,NM,enim.Sed.nulla@rutrum.org,(331) 449-4145,true,,,false,,true,true,,true,false
914,PFS75ESA,Graham,Cox,Missoula,SC,Suspendisse@ultriciessemmagna.edu,(526) 325-7027,,,,false,true,false,,false,,
915,TTD30JXV,Idola,Cabrera,Missoula,ND,Curabitur.massa.Vestibulum@magnis.com,(930) 170-8026,,,,,true,true,false,,,true
916,RMZ74TVJ,Sade,Barrera,Westlake Village,MB,inceptos@felis.ca,(737) 581-9223,true,,true,true,false,,,false,true,
917,UGM57IRS,Latifah,Velasquez,Bangor,NL,pede.malesuada@viverraMaecenasiaculis.edu,(446) 142-7807,,,false,,false,true,,,false,
918,GKL94YFE,Russell,Estes,Terre Haute,MB,In.faucibus.Morbi@sagittisDuis.com,(129) 739-1551,true,,,,true,true,true,,true,
919,YJE80OWF,Brett,Holden,Goose Creek,WY,consectetuer.adipiscing.elit@eu.ca,(686) 536-8244,false,,,,,,true,false,true,
920,NBR25BWJ,Forrest,Dunn,San Antonio,SK,augue.scelerisque.mollis@volutpatnunc.edu,(602) 260-6962,,false,,,false,false,,false,,false
921,UIH94YBE,Vaughan,Powell,Jeannette,NL,vel.arcu.Curabitur@risus.org,(922) 147-7704,false,,,,,,true,,true,
922,IHR53CHB,Tallulah,Franco,Kokomo,MO,mauris@lobortisultricesVivamus.com,(126) 913-1388,false,,true,,,false,false,false,true,
923,DGR82WFL,Clementine,Bradley,Edmond,SK,Aliquam.erat.volutpat@sed.com,(234) 518-3560,false,,false,,,false,true,false,,
924,PRV01YXL,Joel,Leonard,Menomonee Falls,NH,amet@maurisSuspendissealiquet.ca,(116) 403-1473,false,true,,false,false,false,true,false,false,
925,EKQ88SEA,Britanney,Tyson,Gettysburg,AB,neque.Sed@ipsum.edu,(147) 425-3756,,false,true,,false,,false,true,,
926,ICX05CPX,Rhonda,Brown,Midwest City,QC,Nunc@tincidunt.edu,(894) 669-4505,false,true,,,false,,false,false,,
927,LYW95MVY,Zenia,Spears,Laguna Woods,NU,tincidunt@a.edu,(852) 513-2266,,,true,false,true,,,false,true,false
928,ROT90XHF,Beverly,Winters,Suffolk,NM,id.mollis@sitametmassa.edu,(891) 507-4551,,true,,false,,,true,true,,true
929,XRS01VTQ,Grace,Fisher,Rocky Mount,AZ,Quisque.fringilla@Aenean.ca,(334) 332-8275,,,,false,,,,true,false,
930,BKG46PTM,Shad,Joseph,Augusta,WY,et.ultrices.posuere@Vestibulum.com,(336) 977-5626,false,false,,true,false,false,,,true,false
931,XFP50HIP,Tarik,Mcfarland,Elmira,OH,a.scelerisque.sed@non.ca,(187) 515-8004,false,,true,,,,,false,,
932,PGZ37EWO,Catherine,Summers,Apple Valley,AB,accumsan@Donecegestas.edu,(601) 508-1137,,,,,true,false,true,false,true,false
933,SGG87JSX,Jenette,Bender,Nichols Hills,MO,lacus@hendreritDonecporttitor.org,(333) 721-3409,,false,true,,,,false,true,,
934,HMK51QSM,Basil,Ratliff,Hilo,BC,egestas.nunc@duilectus.com,(747) 109-8536,false,false,false,false,,true,,false,,true
935,XSB77CQR,Mia,Atkinson,Elsmere,NS,ultrices.posuere.cubilia@aclibero.org,(832) 778-6191,,,true,true,,,,true,false,
936,UCK97CWL,Dakota,Simpson,Nenana,MI,morbi@venenatisvel.ca,(981) 430-2973,,,,,true,true,,,false,
937,CGJ25RHV,Maryam,Ayers,Christiansted,SK,at@nasceturridiculus.com,(498) 216-4957,,true,,,,false,,,false,false
938,OED33FAV,Chava,Mcclain,Monongahela,NS,metus@odioPhasellus.edu,(819) 326-4657,,,true,,true,,,true,true,
939,FGC15JVZ,Amir,Good,Philadelphia,CA,mi@nislarcu.edu,(312) 560-3583,true,false,true,false,true,,,,,false
940,ZCO25FGZ,Nissim,Berg,Hastings,TX,tempus.mauris.erat@vitaesemperegestas.edu,(303) 331-2622,true,,,,false,,true,true,,
941,JPY78IXD,Zelda,Conway,Hayward,UT,est@eleifend.org,(766) 424-0893,,true,false,false,,,,,true,false
942,CJU77BFV,Stephanie,Brock,Danville,VA,mus.Aenean@molestiein.org,(887) 593-9504,,true,,,false,true,,false,false,true
943,XTS61QAC,Daniel,Burns,Mentor,NS,leo@eutellus.org,(164) 604-2404,,,false,,,,true,false,,
944,MND91FKJ,Murphy,Jacobson,Santa Fe Springs,AB,erat@bibendum.edu,(375) 565-0759,,,,false,false,,,false,,
945,SRK21CVD,Rinah,Glover,Bradbury,KY,sodales.nisi.magna@diam.ca,(887) 298-8104,true,,,,,true,true,false,false,
946,ECF93EVE,Halee,Solis,Newton,MT,suscipit@Nunc.ca,(527) 187-9043,,false,,false,,false,true,false,false,true
947,DZT80QPA,Nissim,Ayers,Johnstown,AB,velit.eu@enimSuspendisse.edu,(905) 251-9892,,,,,false,,true,true,true,
948,NLD06RFO,Kitra,Butler,South El Monte,YT,posuere@eratvel.org,(410) 305-9944,,,false,,,false,true,false,,true
949,FCD23FTI,Chastity,Dillon,Shreveport,SD,at.nisi@elitCurabitursed.ca,(308) 697-6093,true,true,,,true,,,false,false,
950,BKR90PRR,Matthew,Miller,Aberdeen,NE,ac@duiquis.ca,(903) 734-3604,true,false,,,,true,true,,,true
951,TTS04CMV,Nomlanga,Logan,Gatlinburg,GA,ultricies.ligula.Nullam@lectus.com,(470) 269-4023,true,,false,,true,,,,true,
952,JWG30XJM,Yolanda,Mckenzie,Saint Louis,MT,sagittis.semper@nonantebibendum.ca,(652) 781-1970,,,true,,,,false,,false,
953,FYY46URU,Preston,Hyde,Schenectady,MB,ut.quam@NullafacilisisSuspendisse.org,(160) 823-0714,,false,,false,true,,,true,false,true
954,YOI03QKK,Germaine,Maldonado,San Luis Obispo,NT,imperdiet.dictum@sitamet.ca,(389) 521-5887,,true,true,,,true,,true,false,
955,GRZ12GHS,Asher,Conley,LaGrange,NT,magna.Duis@venenatisvelfaucibus.edu,(138) 771-5699,,,,false,true,,,false,,
956,DGB09VEN,Kai,Burton,Jackson,GA,placerat@nislarcuiaculis.org,(699) 416-9480,true,,false,false,,true,true,false,true,
957,MXD42GCF,Nayda,Sweeney,Fairfax,NL,eu@aduiCras.org,(144) 620-2682,false,true,,,,,false,false,true,true
958,CYH55OOU,Daquan,Hopkins,Annapolis,MN,augue@Maurismolestiepharetra.edu,(161) 236-7523,,,,true,true,,false,,false,
959,EKN35XXI,Illiana,Conrad,Oil City,QC,Curabitur@egestas.org,(778) 732-2873,,,,,false,,,,,
960,MZF27PNX,India,Garrison,Duluth,WV,Nunc@loremlorem.edu,(276) 188-2030,,false,,,,,,true,true,
961,YQT57PLY,Lucas,Rose,Baltimore,ND,interdum@Duisac.com,(925) 642-3311,false,,true,,false,,,,,
962,RCV27FOA,Kitra,Newman,Brunswick,NB,Nulla.semper.tellus@congueelitsed.com,(774) 584-9571,false,true,,false,true,false,false,,true,true
963,GFM67IDR,Sylvester,Tyson,Staunton,IN,ac.mattis@nonvestibulumnec.ca,(659) 911-1011,true,,,,,false,,,true,true
964,TFE61JVI,Hakeem,Adkins,Jersey City,UT,nisl.sem.consequat@nullaatsem.ca,(935) 937-2130,false,false,,,,false,true,,,true
965,KKZ93JQQ,Karina,Allison,Plano,AK,mauris@et.ca,(406) 795-8703,,true,true,false,,false,,,,true
966,HFT98SLT,Ivor,Hutchinson,Benton Harbor,CT,a@liberoat.ca,(783) 912-2047,false,,true,true,,,true,,,
967,RSF06KIY,Isaiah,Price,Pittsburgh,UT,pede.blandit@SuspendisseeleifendCras.com,(213) 191-1519,false,false,true,false,,true,true,false,,
968,TFV13UFM,Elvis,Gould,Laramie,QC,tempus@massarutrummagna.org,(980) 749-4728,true,false,true,,true,false,,,true,
969,BIR10DBM,Signe,Dunn,Fall River,FL,vel.mauris@Aliquamauctor.org,(483) 610-7672,true,,,,,,,true,true,
970,JWI74MTF,Aurora,Lawson,Kearns,CO,feugiat@placerat.ca,(640) 459-3542,true,true,,,,true,true,true,,true
971,VOJ89YTH,Jelani,Clements,Las Vegas,NT,quis@cursusvestibulum.edu,(400) 909-6716,false,false,,,,false,false,,true,
972,BUF17GBK,Aaron,Dixon,Bethany,IA,Suspendisse.ac.metus@acturpisegestas.edu,(159) 442-8586,true,true,,,true,,false,,false,
973,IPN39APU,Karen,Hickman,Ketchikan,NT,Aenean@Quisque.ca,(932) 122-5717,,,false,true,true,,,false,false,
974,BDO22VNS,Lisandra,Oneal,Isle of Palms,SK,gravida.sit.amet@euismodenimEtiam.edu,(713) 119-7369,true,,,false,true,false,,,,
975,ABD41IKX,Octavia,Bond,Springfield,WY,purus@non.ca,(986) 494-7595,true,true,,,,,false,,true,true
976,QSP31OTV,Ayanna,Ortiz,Glendale,NC,dui.nec.tempus@dolorFuscefeugiat.edu,(293) 678-0448,,true,true,,true,,,false,,false
977,VDH17BZT,Kay,Holman,North Pole,QC,Ut.sagittis.lobortis@lacusvariuset.ca,(683) 807-7114,,,false,,,,,,true,true
978,VDP19QYS,Rylee,Ayala,Brown Deer,YT,enim@ornareInfaucibus.ca,(202) 143-5025,true,,true,false,,,false,true,,true
979,AXP29BPM,Blake,Sampson,Whittier,PE,Mauris.nulla@facilisiSedneque.org,(366) 716-6086,false,true,true,false,false,,,,,
980,DLF71KJT,Jerome,Dickson,Kennesaw,NB,Donec.non.justo@non.org,(777) 176-2198,,true,true,false,,false,,false,true,
981,FEF92APN,Chancellor,Mccullough,Great Falls,NU,feugiat.non@Quisque.edu,(207) 517-4469,false,,,,true,false,,,,true
982,ORT31XBN,Hadley,Nichols,Lexington,SC,Nam.tempor@nibhlaciniaorci.com,(550) 870-3257,false,,,true,false,,true,,false,
983,VRF85YYX,Cyrus,Jackson,Pierre,AB,primis.in@Praesenteunulla.org,(529) 994-1245,,,,false,,,,,,false
984,RMM54KBP,Mara,Houston,Bethlehem,YT,scelerisque.dui.Suspendisse@natoquepenatibus.ca,(793) 318-6386,,,true,,true,false,true,false,true,false
985,PPB99EVO,Jasmine,Pena,Dothan,SC,diam.Sed@dignissimmagna.com,(549) 935-8515,,,,false,false,true,true,,,true
986,EJG13OSF,Brenden,Saunders,Rockville,AK,faucibus.Morbi@id.org,(195) 771-1020,false,,,true,,,true,false,,true
987,WOR42JOL,Hyatt,Sosa,Kemmerer,WV,ullamcorper.nisl@nonummyutmolestie.edu,(102) 967-8199,true,false,,,true,,,false,true,false
988,CBE29UBT,Todd,Witt,Redondo Beach,NV,eu.lacus.Quisque@ornareInfaucibus.com,(614) 358-8577,true,true,,true,,false,,true,,
989,YZQ32EFB,Nina,Whitehead,Saint Louis,UT,elit.pharetra.ut@feugiatplaceratvelit.ca,(866) 170-7312,true,,,false,false,,false,false,,
990,LYH09BDS,Ila,Frank,West Hartford,MB,interdum.Curabitur.dictum@acsemut.org,(597) 370-9035,,false,,,,false,true,,true,true
991,EDR94JAI,Jared,Frost,Slidell,GA,semper.egestas.urna@feugiattelluslorem.org,(963) 431-8294,true,true,,,true,,true,,false,
992,CEB46LPL,Merrill,Mccormick,Tamuning,NS,Nam.ac@ante.com,(567) 426-4629,true,,false,false,,true,,true,true,true
993,DBN84UMX,Ivan,Petty,Schaumburg,MD,quis.turpis@metus.com,(311) 915-8645,,false,true,true,,true,,,false,true
994,RWW87BLR,Oprah,Stanley,Compton,CT,laoreet@egestasblandit.com,(544) 387-4148,false,,,,true,true,,false,true,
995,DYF52BIR,Charlotte,Rhodes,Laguna Niguel,VA,fringilla.porttitor@augue.edu,(158) 775-4741,,,,,,true,,false,true,false
996,UUA65TEA,Jaime,Mckinney,Chino Hills,ON,dictum.Phasellus.in@arcu.org,(503) 447-2960,false,false,,true,true,,,true,false,true
997,VHS16FYX,Blaze,Maddox,Visalia,NY,primis@tristique.org,(798) 907-9630,,true,false,,false,,,,true,
998,LYB28DAT,Rajah,Hoffman,Somersworth,MT,Donec@sitametfaucibus.com,(784) 313-4122,,false,,,,,true,false,false,
999,QZV02YKQ,Arden,Odom,Vincennes,AK,magna.Phasellus@dolorNulla.ca,(762) 238-1834,,,,,true,,true,,,
1000,PWR80ASD,Sopoline,Brady,McAllen,MO,pede@arcuiaculisenim.ca,(321) 407-6693,true,true,true,true,,true,,,true,true
1001,SVA82CPZ,Octavia,Mann,Fairfax,NS,in@metus.ca,(544) 179-1640,,false,,,,,true,,false,false
1002,KJY84SUQ,Hayley,Crosby,North Chicago,ON,quis.urna.Nunc@liberoestcongue.edu,(251) 917-1046,true,,true,true,false,true,true,,,
1003,DLD33HCO,Francesca,Mcclure,Deadwood,MB,malesuada.fringilla@dui.ca,(849) 736-0601,true,,true,false,false,,true,true,,
1004,EXO16XUT,Kim,Spencer,Texas City,NS,Aliquam.ornare.libero@parturientmontesnascetur.com,(597) 753-5347,,false,,false,true,true,false,,,
1005,YYS77FCG,Lamar,Lopez,Aguadilla,DE,adipiscing@dolor.com,(970) 731-0016,true,true,false,,,,,,false,
1006,UKL71UYE,Shea,Britt,Roswell,NT,Praesent.interdum.ligula@Seddictum.com,(958) 801-9463,false,,true,,true,,,true,true,
1007,YHK71LWD,Valentine,Leblanc,Laguna Beach,TX,tellus@vellectus.edu,(435) 373-2407,true,false,,,,true,true,false,false,false
1008,KHS95LIU,Sylvia,Hanson,Marlborough,ON,molestie.arcu.Sed@consectetueradipiscing.com,(939) 724-4716,true,,,,,true,false,,true,true
1009,VPI73PET,Elton,Fisher,Indianapolis,YT,malesuada.id.erat@nisiMauris.org,(961) 743-7532,,,true,,true,,,,,
1010,TGI99UIS,Evangeline,Myers,York,NS,penatibus@aliquetProinvelit.org,(921) 256-2393,true,,false,true,,,true,,true,false
1011,GOL47ZBA,Ezra,Wiley,Jackson,NV,est.vitae.sodales@consectetueradipiscingelit.edu,(231) 397-2648,,,,false,true,,,,,
1012,TML97LQZ,Blythe,Burks,Santa Clara,RI,mollis@atrisus.ca,(953) 567-5201,false,false,true,true,,,false,,false,true
1013,FVG63XJY,Christopher,Harris,Beverly,MN,Aliquam.gravida.mauris@Etiamligulatortor.ca,(359) 824-1714,true,false,,false,true,,false,,,true
1014,JUJ26PSV,Eden,Tanner,Downey,PA,sit@morbi.ca,(871) 851-2217,true,,,,,,,false,,
1015,NEE69SUG,Zorita,Vincent,Ypsilanti,SK,purus.gravida@Loremipsum.edu,(682) 622-3450,true,true,,true,false,true,,false,,true
1016,XKV10BJK,Jordan,Wade,Ithaca,VA,Fusce@nonummy.ca,(137) 953-6855,true,,,,false,true,false,true,true,true
1017,RZC38RUN,Jorden,Glenn,Bandera,UT,Cras@Nam.org,(955) 838-6134,,,,true,,,false,,true,
1018,KCE99PVP,Rahim,Carey,Albany,SK,nec.tellus.Nunc@velitjusto.edu,(843) 597-9026,,,,,true,,false,,,false
1019,QJQ98QTU,Maite,Alvarez,La Habra,VA,auctor@Nullafacilisi.org,(500) 684-7773,,true,true,,false,true,true,false,true,true
1020,GKV39RUT,Hector,Kramer,Beverly Hills,ON,quam@arcuVestibulumante.com,(691) 467-9935,false,false,,,true,,true,false,false,true
1021,HQR40IDZ,Damon,Keith,Menomonee Falls,AB,nec@semperet.com,(623) 120-0200,,,,true,true,false,,,,
1022,AZT30AMB,Elizabeth,Knight,Benton Harbor,NU,eget.tincidunt@lacus.com,(122) 472-4531,true,,true,true,,true,,true,false,false
1023,TSR01LGP,Zephania,Murphy,San Antonio,NE,sit.amet.lorem@mollislectus.ca,(698) 203-0534,,,,,,false,,false,true,true
1024,TPM57MWU,Zoe,Clay,Delta Junction,MB,vehicula@Nuncsed.edu,(269) 306-9438,,false,,true,true,false,false,,,false
1025,LAW32ZAG,Ingrid,Hobbs,Bend,MD,eros.Proin.ultrices@nibhlaciniaorci.ca,(837) 918-0303,,false,,false,,true,false,true,,
1026,RDH40LJD,Shad,Hendrix,Lahaina,BC,mi.lacinia@elitCurabitur.ca,(584) 178-0219,false,true,,true,,true,,,,
1027,FPC66ULU,Angelica,May,Racine,ON,pellentesque.Sed@Sedneque.ca,(816) 755-1284,,true,,true,false,,,,,false
1028,CTL84BJP,Forrest,Chandler,Bethany,ID,diam.vel@lorem.com,(864) 271-1222,,,false,,true,,false,true,false,true
1029,VPK27DKW,Grant,Morrow,Chesapeake,DC,Nam.tempor@placeratorcilacus.edu,(355) 955-9313,,,,,false,false,,false,true,false
1030,YAX49LYY,Phoebe,Bernard,Duncan,SK,torquent.per@imperdietullamcorperDuis.org,(634) 187-7845,true,,true,false,true,true,true,false,,false
1031,VPQ36MCK,Flavia,Leblanc,Vacaville,YT,mi.felis@nec.edu,(178) 956-7788,false,false,false,,,true,,true,,false
1032,XYD78SKQ,Jordan,Espinoza,Mayagez,NB,eget.dictum@aliquet.org,(401) 146-9178,,true,,true,false,,,false,,true
1033,LZY50JFA,John,Woodard,Suffolk,CA,penatibus.et@dis.com,(287) 383-9068,true,,true,true,,,true,,,
1034,ULN47IWT,Indira,Logan,Nome,CO,ante.bibendum.ullamcorper@pharetraQuisqueac.com,(998) 957-1616,true,,,,true,,false,,false,
1035,OGG42TEL,Hyacinth,Fry,Bowling Green,DC,luctus.Curabitur.egestas@elitAliquam.com,(394) 646-0950,,true,,true,,,,true,,
1036,MRK82WOG,Sloane,Buckner,Fullerton,WV,quis.diam.Pellentesque@ultricesVivamusrhoncus.ca,(202) 648-2335,true,false,,false,,true,,false,true,
1037,MGR68COD,Jermaine,Villarreal,Oil City,PA,Fusce.feugiat.Lorem@lectusa.edu,(930) 562-0815,true,,true,,,,false,,,
1038,BZW14NIM,Felicia,Kelley,Auburn,NB,sit.amet@Sedauctorodio.org,(266) 440-4914,true,,true,,true,,true,false,,true
1039,EAD84PYV,Keiko,Buckley,Deadwood,SC,diam.Sed@Donec.com,(268) 554-2548,,,,true,true,,true,true,,true
1040,PZO35CVU,Maxine,Garrett,Pascagoula,KY,purus.ac@nibhAliquamornare.com,(695) 683-3345,,,true,false,,true,,,,false
1041,UGL38GQF,Lucius,Bradley,Rosemead,MN,ut@condimentumDonec.com,(821) 548-5300,,false,,,false,true,,,true,
1042,FFQ36BEF,Hiram,Elliott,El Monte,NT,senectus.et.netus@lacus.edu,(119) 926-3231,true,,,false,true,false,,false,true,
1043,WLV84BLT,Demetria,Richards,Stanton,SK,In.at.pede@tacitisociosquad.edu,(609) 701-6113,true,,false,,false,false,,false,true,true
1044,UPW72XYW,Amelia,Baxter,East Hartford,NU,nisl.Quisque@veliteget.edu,(112) 420-1467,,,,,,,,,,
1045,WNO08TDA,Carlos,Pugh,Port Huron,NU,vehicula.et@laoreetlibero.org,(699) 837-9116,true,,,true,true,,true,true,,
1046,VZV78DNU,Flynn,Norman,Huntington Beach,HI,Nullam@quisdiam.edu,(102) 578-0692,,,true,true,,,,,,
1047,TKI99CVZ,Quincy,Salazar,Corpus Christi,QC,turpis.Nulla.aliquet@duiCumsociis.edu,(324) 235-3279,true,true,,false,,,,false,false,
1048,QOR07ZPE,David,Garrison,Belleville,IA,Praesent.interdum.ligula@ultricesposuere.ca,(860) 270-1075,,,false,true,true,,true,,false,false
1049,AWB10UDF,Rudyard,Sykes,Richland,AK,erat@Praesent.org,(147) 225-6837,true,true,true,true,true,,true,true,true,false
1050,JUQ09YRQ,Samson,Wiley,Georgetown,ON,ante.iaculis@vitaedolorDonec.edu,(805) 771-6373,,true,true,true,,,false,,,true
1051,WRQ43JPZ,Nayda,Golden,Goose Creek,QC,massa.Vestibulum.accumsan@bibendumullamcorperDuis.com,(418) 899-9836,true,false,false,true,true,true,,,,true
1052,RIX41WKD,Nina,Roach,Sioux City,NL,iaculis.enim@sodalesat.edu,(108) 102-3144,,,,false,,true,false,false,true,
1053,BMC94DFU,Erasmus,Nichols,Evansville,NT,mauris.aliquam.eu@Etiam.edu,(227) 998-5953,,,false,,false,,,,,false
1054,GZI99FVL,Briar,Gregory,Salt Lake City,NT,sociis@iaculisnec.org,(166) 392-4776,true,true,,,true,,true,,,
1055,FOI98HEI,Alice,Weaver,Weirton,OR,porta@nibhlacinia.edu,(465) 434-4260,false,,false,,,false,,,true,false
1056,BHC66LDB,Noelani,Pugh,Charlotte,NT,montes.nascetur.ridiculus@atrisusNunc.org,(245) 580-5185,,false,,,,false,,,true,
1057,KMD99ZAO,Byron,Stein,Bay St. Louis,GA,dolor.dolor@enimcommodohendrerit.org,(261) 381-4592,true,false,true,,true,true,,true,false,false
1058,WTW90SDM,Dorian,Benjamin,Rehoboth Beach,MB,dolor.elit@morbi.edu,(600) 201-8772,,,false,,,false,,true,false,true
1059,MKV55XQL,Martin,Hendrix,Omaha,MD,litora.torquent.per@liberomaurisaliquam.ca,(967) 287-0644,,true,,,,false,,false,false,true
1060,ZXF60CLD,Noelani,Velasquez,Medford,BC,ad.litora.torquent@dictumplacerataugue.edu,(908) 454-2793,true,,true,true,,false,,true,true,true
1061,APV89KHE,Ciaran,Doyle,Loudon,SC,placerat.Cras@ultriciesdignissimlacus.com,(329) 665-1409,,true,true,false,,,,,true,
1062,CHL08BPA,Kevin,Morin,West Haven,MN,metus.sit@MorbivehiculaPellentesque.edu,(914) 467-5852,true,,,,,true,,,,false
1063,LTO91ERR,Arden,Donaldson,Weirton,AB,risus@Nullatinciduntneque.org,(853) 569-5798,false,,false,,false,,,,,
1064,ZYJ34BGA,Raphael,David,Springfield,NL,magna.sed@lobortisaugue.org,(316) 418-5520,false,true,,,false,,true,,,
1065,JTK01NWT,Andrew,Bridges,Saginaw,DE,blandit.mattis@Integer.edu,(642) 448-7406,false,true,false,false,true,,,,,
1066,SWJ93UWC,Dominic,Weber,Port Arthur,KS,enim.non.nisi@nectempusmauris.com,(637) 668-6823,,,,,false,true,,,false,
1067,RAT45KGH,Cynthia,Larson,Oklahoma City,NY,non@quistristiqueac.com,(768) 675-8421,true,true,,,true,,,false,,true
1068,DRM92EOD,Lillith,Rowland,Farmer City,NT,dui@orciconsectetuer.org,(945) 978-6824,false,false,true,true,,,,,,true
1069,SOD35XED,Paula,Holt,Montebello,NS,Nulla.eget.metus@Cumsociisnatoque.org,(850) 768-1982,true,,false,true,,,,,false,
1070,FCZ28QBZ,Lani,Vincent,Easthampton,MB,per@sedtortor.ca,(182) 921-3798,,,,false,,false,,false,,
1071,ZBZ20FLK,Yael,Howell,Decatur,AB,ligula@metusIn.com,(800) 228-9790,false,true,,false,false,,,,,
1072,VCN82USE,Jillian,Ortega,Cortland,MB,ac@volutpatNulla.edu,(215) 457-4318,true,true,,true,,,,false,true,true
1073,WBS34HEV,Lunea,Hamilton,Oak Ridge,BC,sociosqu.ad.litora@Crasdolordolor.edu,(167) 993-6312,,,,true,true,,,,,
1074,RIO32NUV,Sopoline,Thompson,Branson,BC,convallis.dolor@primisinfaucibus.ca,(580) 605-8582,true,false,,,,true,,true,,
1075,JXI45IBJ,Sydnee,Sweeney,Nenana,NM,felis.adipiscing.fringilla@maurisMorbinon.org,(954) 982-4451,false,,,,true,true,,true,,true
1076,ENA64WWX,Denton,Hardy,Yonkers,AB,vulputate.velit.eu@iderat.org,(461) 384-7672,,,,,false,,,true,,false
1077,BIV15SQJ,Harriet,Gould,Murray,NH,pede.Cras@Cras.ca,(862) 266-8183,,,true,,,true,true,,true,true
1078,VVD09UTT,Vaughan,Maldonado,Bell Gardens,AB,erat.Vivamus@eleifendCrassed.ca,(278) 774-8737,true,true,,,,false,,true,,true
1079,VWJ65DCK,Skyler,Kim,Clairton,MD,varius@bibendumullamcorper.edu,(989) 927-4983,false,,true,,,true,false,true,,false
1080,QXY58DHI,Blythe,Charles,Port Washington,NJ,Mauris.eu@rutrumeuultrices.com,(900) 574-4398,,,false,,,,,,,true
1081,UWY83TIU,Althea,Dunlap,Mount Pleasant,NL,risus.In@in.com,(495) 805-9084,true,,false,,,,true,true,,true
1082,NAW09XOW,Wyoming,Hopkins,Gainesville,GA,et.commodo.at@Etiamvestibulummassa.com,(207) 955-9191,true,true,true,true,,true,true,true,,
1083,CLJ83YLI,Brady,Guerra,La Mirada,YT,vulputate.nisi.sem@erosnonenim.org,(120) 715-5693,false,,false,true,false,false,true,,,
1084,TMG81KKT,Baxter,Gardner,Boulder City,NM,Morbi.non@erosNamconsequat.ca,(616) 762-1373,true,,true,,,,,,true,false
1085,KHE00WHD,Cooper,Albert,Lawrence,PA,vulputate@Crasdolor.edu,(876) 401-6802,,true,,false,true,,,false,false,
1086,PHZ27AJK,Shafira,Hatfield,Narragansett,NL,et@Suspendissecommodotincidunt.org,(880) 723-4299,false,false,,false,,true,false,true,,false
1087,IRA44GUX,Jordan,Perkins,Sheridan,MB,laoreet@elit.ca,(319) 781-7853,true,false,false,false,true,true,true,,,
1088,HGD20ZJT,Rylee,Terrell,Baltimore,NY,leo.Cras.vehicula@pretiumnequeMorbi.com,(649) 397-6879,true,,false,,true,true,false,,,
1089,FDF23FYA,Benjamin,Nguyen,Yigo,AB,et@Vivamusmolestiedapibus.edu,(527) 328-5993,,true,true,false,true,,false,false,,true
1090,BLC76JQG,Galvin,Mcclain,New Orleans,QC,eget.lacus@vel.com,(735) 237-8529,,true,,false,,true,,,false,false
1091,VJQ34ZEK,Kasimir,Harvey,Fernley,YT,Quisque.fringilla.euismod@eu.edu,(428) 474-6340,,false,,false,,true,true,,true,false
1092,VFM65ECF,Kelly,Love,Flagstaff,NU,quam.Curabitur.vel@elitfermentum.edu,(909) 867-1459,,true,,,false,false,false,,,
1093,CIG01XUJ,Hanae,Floyd,Gainesville,ON,mi@adipiscingligula.org,(264) 329-6027,,true,true,true,false,,true,true,false,
1094,TKW26CEJ,Brent,Hunt,Cedar City,NS,sit@magnaaneque.com,(633) 680-5597,false,false,,false,false,,,,true,
1095,HYI65FRC,Patricia,Michael,South Gate,NU,a.ultricies.adipiscing@magnis.edu,(192) 530-7707,,,,true,,,true,true,true,
1096,TDD05MCJ,Danielle,Browning,Chelsea,NL,scelerisque.lorem@diamPellentesquehabitant.edu,(473) 431-2279,,false,,,false,true,false,,true,true
1097,ODL84UZS,Amal,Petersen,Newburyport,NL,ipsum.dolor.sit@non.com,(821) 783-8693,,true,,,true,false,,,,true
1098,HNF42BVC,Nevada,Ryan,La Puente,BC,tellus.justo.sit@In.org,(844) 387-4594,,true,,,false,true,true,,true,
1099,KZX83URU,Giacomo,Mcconnell,Coos Bay,MN,ipsum.cursus@sagittis.org,(165) 835-1329,,,false,false,true,true,false,true,true,false
1100,GUV86EKS,Kelsey,Mcmahon,Plattsburgh,AB,sagittis.Nullam@odiotristique.edu,(397) 870-7463,,true,false,true,false,,,false,false,
1101,MTF15ZFI,Hedley,Tran,Niagara Falls,NU,eleifend.nunc@mollisnon.com,(446) 840-4508,false,,true,,true,true,,,,
1102,CLN72YWS,Jameson,Underwood,McAllen,ID,adipiscing@euturpis.com,(192) 716-0568,true,true,,,true,true,,false,,true
1103,WTQ04UTO,Frances,Hodges,Kennesaw,SK,euismod.enim.Etiam@enim.ca,(804) 446-1897,,false,,false,,,false,,,
1104,JFG85TMT,Lance,Hendricks,Las Vegas,AB,quam@arcuetpede.com,(236) 109-0206,false,,true,,,true,true,true,,
1105,JPP06QYR,Shelly,Aguirre,Gettysburg,NT,elit@Sed.edu,(669) 428-1811,,true,,true,false,true,true,true,,
1106,SSH60NNE,Iliana,Mills,Hialeah,AK,ac.urna@gravidaPraesent.org,(132) 681-4720,true,true,,true,,,,false,true,true
1107,JSC53YST,Nehru,Zimmerman,St. George,WA,dictum@vestibulum.ca,(241) 860-4761,,false,false,,false,,true,true,true,false
1108,WZX07NDE,Demetrius,Ryan,Franklin,ID,metus.facilisis@ideratEtiam.com,(714) 511-2892,false,,,,,,true,,,false
1109,IGO77SXB,Keely,Stephens,East Lansing,BC,iaculis.quis.pede@liberomauris.org,(756) 733-0071,false,,false,true,,,false,,true,true
1110,LJO01YMF,Walker,Estrada,Frisco,MS,mauris@malesuadafamesac.ca,(148) 130-2591,,true,,false,,,,true,,true
1111,AYL89TXG,Elaine,Stokes,Kalamazoo,NS,ornare@velpedeblandit.org,(960) 488-3806,true,true,,false,,,,,false,
1112,DCJ15FBX,Amanda,Bean,Maywood,PE,aliquet.molestie@acurnaUt.org,(281) 511-6510,true,,,,,false,false,,true,true
1113,QWP83UYZ,Fiona,Bradley,Baldwin Park,YT,euismod.mauris.eu@nonegestas.org,(931) 414-8118,true,,,,,false,,,,false
1114,FVV32ZWC,Barry,Ashley,Tustin,SK,volutpat.Nulla@nequevenenatislacus.org,(972) 388-5110,,,,,false,true,,,,
1115,MBL73FNW,Gray,Payne,Westminster,NT,sit@ornareegestasligula.com,(558) 163-4143,,false,true,true,,,true,,false,false
1116,JEU22MPS,Lynn,Avila,Arvada,DC,ac@ipsumSuspendisse.org,(457) 202-3813,false,true,,true,true,,false,false,,false
1117,AHV74WAV,Martina,Burke,Corona,MI,cursus.vestibulum.Mauris@Utsemperpretium.edu,(423) 194-7382,,,false,true,,,,true,,false
1118,IFL62JDZ,Odysseus,Wiggins,Durant,CT,orci.Donec@massaSuspendisse.ca,(623) 820-4146,true,false,,,false,,false,false,true,true
1119,WKD22JGR,Kenyon,Oneal,Fairfax,NS,lobortis.quam.a@acturpisegestas.ca,(649) 419-1241,,false,false,true,,,true,,true,true
1120,OJE46GLW,Kim,Warren,Alameda,KY,luctus@Etiam.ca,(612) 782-1689,,true,false,,,false,,false,,false
1121,MEF79ABD,Nora,Webb,Butler,NV,nec.diam.Duis@liberoIntegerin.com,(279) 510-3539,,,false,,,,,false,,true
1122,MYQ34UMU,Edan,Schultz,Richmond,NL,quam.Pellentesque@egetipsum.com,(808) 153-8679,,,,false,,,,,,
1123,RVB58PVT,Demetria,Mcleod,Rock Island,PE,sit@massa.org,(458) 584-8470,true,false,false,,,true,false,false,,
1124,YLV79SGU,Clark,Webster,Somerville,NY,Mauris@semperegestasurna.org,(943) 726-6200,,true,,true,false,,,true,true,false
1125,SSU04ATB,Eden,Rush,Biloxi,NU,amet.massa@lacusUtnec.edu,(842) 770-3603,,,,,true,true,false,true,,false
1126,IIY50RRK,Eleanor,Patterson,Port Huron,CO,lectus.pede.ultrices@FuscemollisDuis.org,(770) 531-2064,false,true,,true,false,,,true,,true
1127,RMK79UXG,Tamara,Marsh,Peekskill,NS,ipsum.Suspendisse@etmagnisdis.com,(765) 471-2553,,,true,false,false,,true,false,,true
1128,EQF60YVI,Kay,Herrera,Peekskill,NC,arcu.Morbi@metusVivamus.ca,(131) 309-2119,,,true,true,false,,false,true,true,false
1129,RCL74NSR,Octavia,Sargent,Minnetonka,MN,massa.Quisque@sollicitudinadipiscing.edu,(944) 825-4723,false,,true,,true,,,false,,
1130,FJE62LES,Clementine,Jensen,Brigham City,YT,orci.Ut.semper@quam.edu,(591) 940-7548,,,,true,false,,,,true,true
1131,ZFV11HFV,TaShya,Pace,Oneonta,VA,gravida.nunc@massarutrum.edu,(342) 682-7506,,false,true,false,,true,,true,,
1132,DKQ39NOT,Barrett,Lynn,Jefferson City,NL,aliquet.sem.ut@Cumsociisnatoque.edu,(970) 779-3512,false,,true,,,true,,,false,
1133,PDT68NPD,Ali,Peters,Ithaca,CA,magna.a.neque@nuncinterdum.org,(852) 771-0984,,,true,,,,true,,false,
1134,TZW97OCS,Kyra,Velasquez,Chandler,PE,placerat@infelisNulla.com,(146) 114-1602,false,,,,,,,true,,
1135,QLV25YSR,Leigh,Ray,Wheeling,CT,auctor@nondapibusrutrum.edu,(175) 106-7689,false,false,,false,true,false,true,,,true
1136,AOH55KGJ,Abra,Callahan,Fayetteville,ME,tempus@Curae;Phasellusornare.org,(381) 630-1909,,true,true,false,true,,,,true,true
1137,HDR47BLX,Willa,Livingston,South Portland,FL,Vivamus.non@vulputaterisus.com,(278) 191-3971,true,,,false,,,,,,true
1138,QSR47PPD,Lewis,Grimes,Fernley,WY,a@hendrerita.org,(859) 796-7278,true,true,,,false,true,true,false,,
1139,XXR86ROJ,Sybill,Dotson,Downey,UT,malesuada@sagittislobortismauris.edu,(396) 265-1063,,,false,false,true,,,true,false,false
1140,DZI71YHJ,Aladdin,White,Redding,BC,feugiat@feugiat.com,(975) 992-7927,true,true,true,true,false,true,false,true,,
1141,MCS00SIT,Miriam,Mathis,Macon,NL,in.tempus.eu@vulputate.edu,(100) 991-5835,,,,,,,,,false,true
1142,PZP68NVM,Hedy,Copeland,Bell Gardens,NT,ligula.eu@ultricies.com,(778) 715-0034,,,true,false,false,,,,true,false
1143,HPB03FRI,Drew,Ashley,Sanford,WV,lectus@vitaepurus.com,(258) 997-3522,,,true,,,,,,true,true
1144,ECJ00IVK,Serena,Buchanan,New York,MB,tristique@esttemporbibendum.edu,(903) 247-4741,false,,false,false,,false,false,true,,true
1145,NPT88FPG,Wynne,Barr,Gulfport,LA,Phasellus.dapibus@blanditenimconsequat.edu,(239) 420-3126,true,,false,,true,true,false,,false,
1146,EPJ00OCJ,Phillip,Gregory,Bend,NU,Aliquam@nunc.ca,(986) 671-6296,true,false,,,,false,false,false,,
1147,NHK28DJM,Gretchen,Fox,Clearwater,BC,Fusce.aliquam@consectetuereuismodest.com,(148) 410-1228,true,,,false,false,false,,,,
1148,FLI08MDZ,Omar,Hill,Salt Lake City,NL,blandit@Curabitursed.ca,(626) 874-2261,true,,false,false,true,,false,,true,
1149,PAY28RRB,Stone,Giles,Cincinnati,NS,ipsum.dolor@duilectusrutrum.edu,(432) 406-5832,,false,false,,false,,,,true,false
1150,AEM25OYB,Holmes,Foster,Gilette,PE,diam@tempusrisus.ca,(253) 493-4892,false,,true,,,,false,,,
1151,FKB57ZZD,Raymond,Warner,High Point,WY,est@sed.org,(669) 421-4048,,,,,true,true,false,true,,true
1152,PJG57NUG,Lilah,Dixon,Bellflower,SK,Maecenas.ornare@orcilobortisaugue.com,(463) 955-5195,true,,true,,,true,,,,
1153,WRD26SUD,Thaddeus,Oneill,Pascagoula,ID,sed@Donecegestas.com,(162) 701-7551,false,true,,,false,true,,true,true,
1154,IJS61UTV,Gwendolyn,Flowers,West Sacramento,KY,risus.Donec.nibh@quam.com,(141) 747-5265,true,false,,,,false,true,true,false,true
1155,SAD87PQH,Sydney,Dunlap,San Gabriel,WV,eleifend.vitae@congue.org,(271) 779-4567,false,,,,true,false,,,,
1156,DGP29IFK,Theodore,Sanders,Connellsville,DC,Aenean@orci.org,(107) 342-4430,false,,false,false,false,false,,false,false,
1157,ZBB73NYU,Aidan,Duran,Saukville,MI,arcu.Vestibulum@odioAliquam.com,(123) 467-0632,false,,,,true,,true,true,true,
1158,DBI44ZGN,MacKenzie,Morgan,Saipan,NL,ligula@Vivamus.org,(995) 161-6214,,false,false,true,,,,,true,
1159,DBQ71GXU,Justine,Benton,Fort Lauderdale,IN,Pellentesque@ante.com,(425) 439-4450,false,,true,false,true,true,false,,,false
1160,JHP96YXC,Hanna,Hart,Brunswick,YT,eu.odio@Phasellus.com,(908) 892-0760,false,,false,true,,true,true,,false,
1161,WGA71XZD,Michelle,Nichols,Columbus,OK,dignissim@mattisIntegereu.ca,(249) 728-9344,false,,,false,,,,,true,false
1162,UAX77EQS,Kasper,Bradford,Cedar City,BC,sed.sapien.Nunc@anteMaecenas.com,(505) 339-7255,,,false,true,true,,true,,false,true
1163,VGO35XGF,Cairo,Ramirez,Rancho Santa Margarita,NB,molestie.tortor@arcu.com,(789) 555-8711,,,,,false,,,false,false,
1164,XZX84MLI,Chava,Mccoy,Lower Burrell,IL,amet@auctorquistristique.org,(479) 784-7931,,,,true,,,,,true,false
1165,KGY30TVT,Myles,Cohen,Utica,SK,sapien@laciniaatiaculis.ca,(458) 305-5032,true,false,false,,true,false,true,true,true,false
1166,PDB44CZA,Castor,Gonzales,Flint,WA,eu@risus.org,(936) 914-6024,true,true,false,,,,false,true,,true
1167,XRE56IAJ,Garth,Franks,Rocky Mount,AK,sem@eu.org,(797) 568-2323,,,,,true,false,true,,,true
1168,RFP36GFX,Mark,Holland,Fond du Lac,MI,cursus.diam@sedsapien.edu,(489) 549-7707,,,,,,,,false,true,
1169,SUM63XPC,Maryam,Oconnor,Tucson,YT,in.aliquet@ac.com,(484) 824-8204,true,,,false,,false,true,false,,true
1170,MXR97YLQ,Colorado,Kennedy,Baytown,YT,molestie.pharetra@consequat.com,(549) 636-0673,,false,,false,,,false,true,false,false
1171,LHU48DCZ,Ryan,Shaffer,Fargo,AB,quis@massarutrummagna.ca,(151) 705-5847,true,,true,true,true,,,false,true,
1172,KBF57HCJ,Briar,Larsen,Beaver Falls,QC,Nulla.semper.tellus@tellusfaucibusleo.com,(648) 154-0706,true,,true,false,true,,,,false,
1173,QRZ57NYV,Dolan,Ashley,Klamath Falls,AB,tristique.aliquet.Phasellus@tortor.edu,(744) 945-3756,false,,,,false,true,true,false,false,
1174,IWQ77CIE,Sasha,Shepherd,Santa Cruz,PE,consequat@euenimEtiam.com,(672) 330-8471,true,false,false,,false,false,,,,
1175,QUV80FYZ,Noelani,Powers,Champaign,OK,facilisis.eget.ipsum@Aliquamnecenim.edu,(555) 987-2124,,,,,false,,,,,false
1176,SMY24UAQ,Xavier,Flowers,Bowling Green,NL,adipiscing.elit@nec.edu,(192) 737-1397,,true,,,true,false,false,false,true,
1177,RKO91XRG,Eliana,Moody,Austin,WV,molestie.in@malesuada.edu,(142) 245-9544,false,,false,,true,false,false,,true,false
1178,TSZ99KOV,Yoshi,Acosta,East Lansing,SK,et@diamat.edu,(239) 504-7323,true,,false,false,false,,true,true,,
1179,MNB49CWU,Indira,Casey,Biddeford,NL,dui.augue.eu@ultricies.org,(898) 558-1594,true,false,false,,,,,,true,false
1180,SLD59RJC,Chase,Foster,Miami Gardens,AK,mauris.a@incursuset.org,(300) 727-0640,,true,false,false,true,true,,true,,false
1181,NAC56IHT,Zenia,Patel,San Gabriel,KY,enim.Nunc.ut@ornareplaceratorci.org,(541) 578-5603,,false,,,true,false,true,false,true,
1182,JPW51QKP,Darryl,Howe,Valdosta,NV,vitae@a.com,(898) 255-9637,true,,true,,,true,false,,,false
1183,CQE98SNU,Hashim,Swanson,Menomonee Falls,OH,malesuada.augue@facilisisSuspendisse.org,(493) 985-9577,,false,,true,,,,true,false,
1184,BQQ35MXM,Aline,Meadows,Eau Claire,NT,sem.mollis@Aeneangravidanunc.org,(399) 513-4017,,true,,,,true,,,false,
1185,TPE61JZN,Inga,Carver,Fargo,PE,Suspendisse.sed.dolor@cursus.com,(404) 128-3673,true,,,false,false,true,,true,,false
1186,YEN41UHM,Ifeoma,Albert,Sunnyvale,NL,euismod.in.dolor@acmattissemper.com,(662) 618-6611,,,,true,false,,,false,true,
1187,BRS33VFY,Joseph,Graves,Attleboro,YT,amet.risus@faucibusut.edu,(373) 190-7164,,,,,,false,,,,true
1188,MDO82MYA,Maggie,Mcknight,Jenks,IA,blandit.congue@amagnaLorem.ca,(787) 204-4288,,,,,,,false,,true,true
1189,VHK53KBW,Mallory,Sweet,Rockville,ON,vulputate.dui.nec@arcuiaculis.com,(578) 359-4362,false,,true,true,false,true,,,,false
1190,IEF14UBX,Brittany,Phelps,Cairo,YT,mus@Curabiturvellectus.org,(501) 124-1560,,,,false,true,,false,,,false
1191,GID44JWP,Signe,Levy,Ogden,AB,interdum@vitaedolor.edu,(283) 465-6693,,true,,,true,,,,false,
1192,FDP55FDE,Shaeleigh,Bradshaw,Lower Burrell,NB,arcu@Nunc.org,(100) 553-6007,,false,,true,true,,,true,false,false
1193,TTF72SDW,Oscar,Chapman,Morgantown,WI,diam.lorem.auctor@mus.ca,(654) 491-1502,,true,,,false,false,true,,false,
1194,JVV71UZI,Ebony,Ashley,Minneapolis,FL,Sed.nulla@faucibus.org,(264) 230-2466,true,false,true,false,true,true,false,false,true,
1195,DNW57EQZ,Mia,Dillon,Muskegon,CA,lacinia.Sed.congue@inconsequat.edu,(249) 991-8073,,true,false,true,true,true,,,true,
1196,ZIQ82PZC,Magee,Page,Laguna Woods,NJ,velit.Quisque.varius@vestibulum.com,(839) 759-8476,true,true,true,,false,false,true,true,false,false
1197,OPT53JMF,Reece,Cunningham,Somersworth,NT,tempus.lorem@Proinsedturpis.ca,(585) 752-5207,,,,,,,,true,,true
1198,ECO68DZK,Hope,Armstrong,Chicopee,MO,In@risusDonec.com,(756) 464-1265,false,true,false,false,,,,true,,
1199,WAA53SBM,Zahir,Pearson,Woburn,CO,et.netus.et@ante.edu,(476) 706-5980,,false,,false,false,,true,,false,false
1200,PAZ27CVG,Adrian,Montgomery,Gastonia,MB,Vestibulum@cursuspurusNullam.com,(482) 681-0574,,,,false,,,,true,true,false
1201,DYI35ENP,Nerea,Fitzpatrick,Bay St. Louis,SK,mi@vitaealiquet.com,(515) 357-9337,true,true,,,true,,,,true,true
1202,DCB63QKG,Yeo,Robles,Apple Valley,NJ,vulputate.dui.nec@netus.edu,(101) 200-5202,true,,,,,false,true,false,,false
1203,RSI78JVL,Lucian,Sanchez,Quincy,NT,imperdiet@ligula.com,(601) 956-7983,false,,,,true,,,,,true
1204,NKS63GIB,Clayton,Cohen,Jamestown,SK,mi@Sed.org,(910) 459-6116,true,,true,true,,false,,true,,true
1205,CUQ11FDU,Ferdinand,Dodson,Jordan Valley,AK,non.ante@orciDonec.com,(573) 882-4428,,false,,,,true,,false,false,
1206,PZM97JFG,Rhea,King,Carolina,BC,vitae@elit.com,(543) 194-5017,true,,,,true,false,true,,false,
1207,LNR75QHC,Merrill,Hester,St. Petersburg,MB,Aenean.eget.magna@arcuSed.com,(159) 115-4934,true,true,,,,,true,false,,false
1208,TUV68AFH,Wyoming,Lane,San Fernando,AK,Curae;.Phasellus@nequeIn.edu,(565) 862-5859,true,false,false,,false,false,,,,
1209,KWE97UEI,Lester,Randall,Duncan,NY,ultricies.dignissim@Integer.edu,(807) 823-9242,true,true,,,true,false,true,,,true
1210,OUR26XQO,Candice,Bernard,Sandpoint,QC,eget.dictum@justo.edu,(718) 304-3758,false,,true,,,false,true,,,true
1211,ZSX79XGJ,Melyssa,Russo,Edina,AL,fringilla.cursus.purus@pellentesqueSed.org,(785) 233-6233,,,false,true,,false,true,,false,false
1212,QJW25ENE,Illiana,Tran,Memphis,AL,dolor.sit@vehiculaaliquetlibero.ca,(464) 514-6336,false,,,false,,true,false,false,,
1213,UVD23HRZ,Myles,Arnold,Ontario,MA,ullamcorper@nuncQuisque.edu,(590) 555-3052,true,,,false,true,,,,false,true
1214,HIS37GVD,Elliott,Haley,Jonesboro,ME,mattis@loremeumetus.ca,(840) 887-3164,false,false,,false,false,false,false,false,false,false
1215,BVX06SWA,Sawyer,Jackson,Lander,PE,nunc.sit.amet@Sed.edu,(207) 461-0772,false,,,,,true,false,,,
1216,MKJ28ALX,Pandora,Cervantes,Cape Coral,NT,ipsum.Donec.sollicitudin@leoelementumsem.edu,(836) 509-9022,,true,true,,,true,false,true,,false
1217,FLN89PUV,Lysandra,Becker,Asheville,NH,magna.sed@hendreritaarcu.com,(139) 690-4805,,true,true,false,,false,true,,,
1218,XDQ87OYF,Gray,Wyatt,Salisbury,GA,Sed.et.libero@dui.com,(603) 271-2147,,false,,,,,,true,true,false
1219,YNH26AJW,Brady,Sargent,Myrtle Beach,NB,tincidunt.nibh@consequatauctornunc.ca,(300) 710-3789,true,false,,false,true,,,false,,
1220,OMD51GRN,Alfreda,Hurley,Laguna Hills,ON,In.condimentum.Donec@nonante.ca,(223) 540-4932,,true,false,true,,true,true,false,,false
1221,RZG05TCY,Orli,Kerr,Coral Springs,WI,enim.Etiam.imperdiet@magnaet.com,(493) 979-8035,false,,false,,,,false,false,false,false
1222,XHF22ZFD,Alden,Knowles,Peoria,SD,velit.Quisque.varius@tristique.org,(637) 587-3348,,true,false,true,,true,true,true,true,true
1223,RKA49XFI,Dennis,Parks,Claremore,MN,massa@ipsum.com,(373) 122-6885,false,,,false,false,true,,,,
1224,XPS26ZMH,Rebekah,Ford,Suffolk,NL,Sed@Phasellusvitaemauris.org,(731) 472-4049,,false,,false,true,true,false,true,true,true
1225,MPE69YZL,Abraham,Hood,Kennewick,NT,rutrum.Fusce@Donecfringilla.edu,(200) 283-8897,true,,true,,true,false,,,false,true
1226,LDX52VWB,Megan,Schneider,Seward,NL,aliquet.molestie@ligulatortordictum.com,(841) 254-4016,false,,true,,,,,false,,
1227,SFN84BIW,Baxter,Langley,Maywood,NE,orci@malesuada.edu,(896) 223-0563,true,,,false,,,false,,true,false
1228,BQF77MBT,August,Perez,Cedar Falls,YT,quam@Phasellus.ca,(593) 398-6455,,true,false,false,,false,true,true,false,
1229,EOG58EKP,Maxine,Watson,Bridgeport,OK,ac.orci.Ut@velit.edu,(427) 592-9891,false,,,,,,,,,false
1230,XEH66GYQ,Ashton,Summers,South Pasadena,YT,vestibulum.Mauris@blandit.edu,(585) 888-8605,,,,,,true,true,,,
1231,VSW35TEJ,Ima,Downs,Warwick,SK,dictum.eu@aliquamiaculis.com,(671) 658-7603,false,,true,,false,,,,false,
1232,NZE66TNI,Halee,Madden,Oklahoma City,NY,hendrerit.id.ante@aliquetlobortis.com,(114) 144-3294,false,true,true,,,true,,,true,
1233,EKJ54VAT,Alexander,Alford,Charlotte,NU,in@posuereatvelit.com,(870) 589-7846,,true,,true,,false,true,true,true,true
1234,EKP28LER,Dacey,Newton,Greenfield,NL,nulla.ante.iaculis@eusem.com,(144) 539-4252,false,,,,true,false,,false,false,true
1235,XBG36OHA,Rana,Suarez,Eatontown,KY,egestas.ligula.Nullam@Suspendisse.ca,(275) 686-5259,,false,false,false,true,false,,true,,
1236,ZGA58XDK,Beck,Park,Greenfield,NB,est.ac@Nullamnisl.org,(926) 431-0151,,,true,,true,true,,false,false,false
1237,WUH51RSF,Shaeleigh,Dejesus,Holyoke,AZ,pede.et.risus@id.org,(104) 625-1612,false,,,,,true,,true,true,false
1238,EWB64HEO,William,Gill,Spokane Valley,NS,vestibulum.massa.rutrum@adipiscinglobortisrisus.edu,(181) 783-4419,,,,true,false,false,,false,true,true
1239,BWV25SNA,Chancellor,Odonnell,Alameda,NT,In.mi@nonummyutmolestie.ca,(933) 343-1419,,,,true,true,false,false,,true,false
1240,IUO60YCE,Hiram,Duffy,Casper,NU,dolor.elit@atauctor.edu,(190) 563-8433,,false,,,,,,,true,true
1241,QCX65NBK,Yvette,Harmon,Powell,NB,Suspendisse.non@idmagnaet.ca,(283) 833-8903,true,,true,false,false,,true,,,true
1242,YZO27XRQ,Tara,Parker,Athens,SK,imperdiet.dictum.magna@tempusnonlacinia.edu,(574) 751-7616,true,true,,,true,,false,false,,true
1243,OIJ90WCS,Kerry,English,Houma,AB,felis.purus@cursuseteros.ca,(589) 770-7802,true,true,,,true,false,,,,
1244,ONW52QOZ,Jeremy,Moon,Davis,BC,sociis@Aliquamvulputateullamcorper.org,(780) 897-1098,,,true,true,,false,,false,,false
1245,OSE65DJR,Colin,Duran,Memphis,ID,non.nisi.Aenean@eratinconsectetuer.org,(475) 586-0080,false,true,,,true,true,,,,
1246,VST32PBH,Lydia,Velasquez,Hackensack,NU,lorem@vehicula.ca,(947) 887-9281,true,,false,false,,false,,,true,
1247,ZKN62KMF,Merritt,Figueroa,Houston,NB,magna.Ut@sitametante.org,(294) 618-0340,true,,,,,,,true,false,
1248,WMB30FDC,Kirsten,Malone,Butte,NT,vulputate.eu@dictumsapienAenean.org,(187) 591-0411,false,false,,,,,false,,,false
1249,XOB60AVB,Jordan,Whitehead,City of Industry,NB,purus.ac@Donecelementum.edu,(820) 875-9462,true,,true,true,true,,true,true,,
1250,HHH31BWC,Keegan,Johns,Gilbert,NS,ac@Suspendisse.edu,(825) 501-2035,,true,false,true,,,,true,false,true
1251,DWU63VWP,Shelley,Dawson,Carrollton,NM,Duis.ac.arcu@Proin.edu,(362) 890-6686,false,true,,true,,true,false,,,true
1252,MZM77LTK,Breanna,Moore,Benton Harbor,AL,molestie@aaliquet.edu,(760) 421-5710,true,true,,,,true,true,true,,
1253,AVX01DCT,Tucker,Elliott,San Clemente,NT,Etiam.bibendum.fermentum@Sedmolestie.org,(695) 363-9337,,false,true,,false,false,,,false,false
1254,OME17WLR,Dean,Saunders,La Verne,ON,Ut.nec.urna@eu.org,(962) 162-4025,false,,false,,true,false,,true,,true
1255,PNQ86HBB,Felix,Gaines,Monterey Park,SD,rutrum.eu@nuncinterdumfeugiat.edu,(558) 984-8487,,,,,,,false,,true,
1256,XUH86EFM,Madison,Buckley,Culver City,WV,egestas@feugiatnec.edu,(852) 435-6745,,,,,,,,true,,
1257,CEX35FWE,Warren,Gonzalez,Pierre,YT,Vivamus.nibh.dolor@necdiam.org,(828) 447-8178,false,true,,,,,,false,,false
1258,MKQ27CZR,Ebony,Ramsey,La Canada Flintridge,QC,nibh.dolor@Sedcongue.edu,(613) 225-0559,,,true,,true,false,,,,
1259,MZE80LLD,Wade,Bender,Camden,WY,Etiam.gravida@elit.edu,(970) 518-7800,,false,,,false,true,,false,,
1260,QIT77WOP,Odette,Murphy,Orlando,SK,urna.et.arcu@vitaealiquameros.org,(643) 690-5029,,true,,,false,true,true,,,true
1261,BFD47CLH,Barbara,Peters,Evansville,AL,et@Nam.ca,(366) 831-1265,false,false,,true,false,false,false,,,true
1262,IYI98RDZ,Whoopi,Rush,Miami Beach,SK,parturient@Sed.edu,(716) 166-2175,false,true,true,false,,,,false,,false
1263,MJN03FTR,Galena,Lindsay,Duarte,MB,sem.egestas.blandit@Nam.com,(118) 831-7642,,true,,,true,false,false,,,
1264,IEU10DGU,Riley,Reeves,Alhambra,NH,massa.Vestibulum.accumsan@pharetrafelis.com,(153) 154-2641,false,,true,true,true,true,true,,false,false
1265,PXA90NJF,Brenden,Ruiz,Holyoke,UT,Donec.tincidunt.Donec@tinciduntdui.org,(435) 903-2403,,false,true,,,,true,true,true,
1266,IQR86RFV,Beck,Dickson,Chandler,NT,aptent.taciti@massaVestibulumaccumsan.com,(134) 124-9015,,true,,true,false,false,,true,,
1267,KOI86PHO,Maile,Jackson,Bethlehem,WY,turpis.non.enim@laciniavitae.edu,(569) 612-4725,,true,true,,,true,true,true,,true
1268,SZN65SYY,Ivy,Dillard,Laredo,ON,nec.euismod@In.edu,(368) 865-4501,,true,,false,,true,false,,false,false
1269,EXX07MOF,Adrian,Marquez,Franklin,AB,dolor@disparturient.ca,(994) 695-7218,false,true,,true,true,false,,false,false,false
1270,FTJ63HED,Kylie,Fry,Waco,OK,sollicitudin@sedconsequatauctor.ca,(546) 754-2735,,false,,false,true,true,false,true,true,false
1271,KCT07HNZ,Zenaida,Santos,Manassas Park,NS,eleifend.non.dapibus@ornarefacilisis.ca,(207) 170-6352,true,true,true,true,,true,,,,
1272,WIK63DQZ,Jelani,Crosby,Cincinnati,AK,bibendum.ullamcorper@nequeNullam.com,(673) 606-0560,true,true,,,,false,,,false,true
1273,NHN88OMX,Ann,Carpenter,Warwick,CT,lorem.vehicula.et@pulvinararcu.edu,(639) 983-4004,true,,,true,,false,true,true,,
1274,DQS16OLB,Mason,Hudson,Marshall,HI,nisl.Quisque@convallisante.com,(722) 308-8629,true,,,true,false,false,true,,,
1275,GFG54HLI,Wallace,Moses,Fremont,ON,turpis.nec.mauris@felisadipiscingfringilla.com,(499) 549-8547,,,true,true,,true,,true,,false
1276,WXJ84VTH,Ian,Carpenter,Bell,NS,massa.Integer.vitae@idblanditat.edu,(758) 493-2886,,false,false,false,,false,false,false,,true
1277,YME88EEB,Xandra,Alvarado,Rockford,NB,varius.ultrices@euerosNam.edu,(800) 103-8147,false,false,,,false,,,false,,
1278,BWI19IOU,Jamalia,Ayala,Middlebury,NL,quam.a.felis@ornaretortorat.ca,(611) 318-3501,false,,false,,false,,true,,,false
1279,EKP37UDA,Emi,Carroll,Cedar Rapids,SK,lobortis@velfaucibusid.edu,(674) 541-5468,,,false,,false,true,true,,false,true
1280,DDH56TTC,Cherokee,Hood,Youngstown,NT,euismod@loremipsum.org,(884) 530-6297,false,true,false,false,,true,false,,,
1281,CXO44YNC,Carter,Hodges,Springfield,UT,et.magna.Praesent@risus.edu,(597) 258-3207,,false,,false,true,,false,,,true
1282,VCO52DKQ,Gisela,Huffman,Juneau,ON,nec.mauris.blandit@diamvelarcu.ca,(612) 875-0088,false,true,false,,true,,,,true,
1283,QSL86EMR,Doris,Fernandez,Longview,YT,justo.sit.amet@loremut.org,(950) 161-2191,,true,true,true,,,false,,true,
1284,IHG33XNP,Amy,Jacobs,Port Huron,NL,ac@mattis.edu,(223) 593-5922,,true,,false,,,,true,true,true
1285,DXY44YVA,Tatum,Booth,Cypress,AZ,cubilia.Curae;.Phasellus@lacusEtiam.com,(115) 939-5085,true,true,,,false,,,,,true
1286,QUC17LDJ,Jameson,Vaughn,Stanton,MN,libero.Proin.mi@egetmetus.com,(517) 552-5558,,,true,false,false,true,,,false,
1287,MSW22JNV,Vernon,Brown,Owensboro,MB,ut@eleifendnecmalesuada.com,(538) 145-2022,,true,false,,false,,false,,true,true
1288,WBG71SHJ,Quyn,Lowery,Owensboro,AB,penatibus.et.magnis@enimconsequat.org,(116) 789-0665,,,false,,,,false,,,
1289,INO92KYG,Blossom,Mays,Scranton,NL,imperdiet.erat.nonummy@gravidasagittis.com,(804) 857-2490,false,,false,false,,,true,false,,
1290,ZFQ49DEG,Malik,Bullock,Geneva,MA,Quisque@arcu.org,(460) 237-1428,true,false,false,,,,true,,false,
1291,XSH99RSA,Ashely,Watts,South Gate,TN,ullamcorper.viverra.Maecenas@volutpatNullafacilisis.edu,(413) 972-9013,,,,,false,true,true,true,true,false
1292,AYN39GOX,Ezra,Parsons,Del Rio,PE,amet.risus.Donec@ornaretortor.edu,(499) 286-7417,true,true,,false,true,false,false,false,,false
1293,PJD55AGI,Inga,Hanson,Burbank,WA,interdum@Quisque.com,(779) 263-0064,true,,true,true,false,,,,false,
1294,MAT41KVF,Illiana,Hubbard,Normal,ID,augue.id.ante@consectetuer.edu,(284) 422-5426,false,,,false,,true,false,,false,true
1295,MXM92SFV,Carlos,Hoover,Lufkin,OH,ullamcorper.velit.in@Intincidunt.edu,(899) 871-0213,,true,,,,,false,,true,false
1296,ZNK93ECI,Jamal,Dorsey,Port St. Lucie,AK,ac.arcu@Intincidunt.edu,(473) 933-0619,,true,,,true,false,,,false,
1297,SRF05OLR,Colette,Mckee,New Kensington,ID,Nunc.lectus@luctusCurabitur.org,(402) 534-7112,,true,false,false,,false,false,,,true
1298,EDB46JXK,Kameko,Bowman,Newburyport,ND,convallis.ante.lectus@nonbibendum.ca,(163) 144-3899,true,,true,false,,true,true,,true,false
1299,NSR98EJE,Amy,Edwards,Coatesville,PE,ut.cursus@risusDonecegestas.org,(403) 151-2660,,false,,true,false,false,,,false,
1300,XXA29OKE,Clementine,Bond,Concord,RI,nec.cursus@in.org,(942) 165-2246,false,true,,false,,,true,,,true
1301,WUG08YQC,Chester,Benton,Rehoboth Beach,SK,mi.Duis@egestas.ca,(382) 579-6438,,false,,false,,false,false,false,true,
1302,XKY19TCP,Chelsea,Hewitt,Hollister,NS,at.libero@nisiCumsociis.edu,(257) 631-5314,false,,,true,true,,true,true,,true
1303,RYG35OND,Willow,Nash,Norfolk,NS,tristique.senectus@Seddiam.ca,(280) 276-7782,,false,false,,false,,true,,,
1304,JNL47FDM,Tucker,Webster,Plano,MN,lacus.Mauris.non@ipsumportaelit.org,(698) 175-4578,false,,true,,true,true,,,,true
1305,YMX75RIY,Delilah,Booker,Roanoke,MA,in.tempus.eu@nuncid.edu,(360) 103-2046,false,false,,false,true,,false,,,
1306,MLS54TYR,Renee,House,Farrell,UT,Duis@sem.com,(785) 440-4927,,,,,true,false,false,,,false
1307,RQC20OHN,Kathleen,Levine,Franklin,TX,amet@elementumsem.org,(382) 685-7681,false,false,,,,,,true,,
1308,KLC60XGW,Kaye,Burris,Basin,IA,elit@quis.com,(417) 427-1888,false,,,false,,false,,false,false,
1309,OVO21UZI,Lucas,Rush,Concord,NU,sed.facilisis.vitae@necluctus.edu,(587) 724-3634,,,,,,false,false,false,,
1310,EWQ96YIZ,Lesley,Park,Kansas City,ON,libero.et@Crasegetnisi.ca,(195) 258-1511,true,,false,,false,,true,false,,
1311,JCT92GWI,Samson,Alexander,La Crosse,WA,hendrerit.neque@indolorFusce.ca,(530) 727-4509,true,,false,true,,false,false,,true,
1312,PXH66NLC,Allistair,Hudson,Bay City,NU,dolor@aliquetvelvulputate.org,(942) 105-1557,false,,false,false,,,true,,,false
1313,NRU77WIY,Ila,Spears,Powell,NL,risus@tincidunt.com,(537) 406-5085,false,,,,,,true,,false,
1314,TSZ41ZDS,Aurelia,Wynn,Cudahy,YT,litora.torquent@Nullamscelerisqueneque.edu,(115) 912-2116,,,true,,true,true,,,,
1315,RIG13JJP,Kirsten,Kennedy,Des Moines,ID,leo.Morbi.neque@mollisInteger.org,(594) 592-6251,true,true,true,,,true,,,false,
1316,UQS21RMU,Yuri,Allen,Washington,ND,tellus.justo@Curae;Donectincidunt.ca,(257) 965-0321,true,false,false,,false,,,,,false
1317,WRS66KES,Rajah,Harrison,Stevens Point,LA,risus.Nulla@mollislectuspede.com,(697) 406-7806,,false,false,false,,true,,,false,
1318,OSU30UYT,Marah,Watson,Kearns,AB,lacus@lorem.edu,(610) 444-5437,false,,true,,false,,false,true,,false
1319,OIK67VCG,Ferdinand,Hill,Yakima,SK,ante@Nunclaoreetlectus.edu,(555) 909-5539,,true,false,,,,true,,,true
1320,XFA41AIS,Lara,Parrish,Placentia,QC,augue.Sed@tellusid.edu,(731) 591-7724,true,,true,true,,,,,false,
1321,LWT53RSB,Jenna,Walls,Lynchburg,ND,massa.Mauris.vestibulum@Sedpharetrafelis.edu,(855) 797-8541,true,true,false,false,true,true,,false,true,
1322,FWZ75XOJ,Karina,Adams,Michigan City,MB,orci.adipiscing.non@cubiliaCurae;.org,(474) 222-7597,false,true,,,,false,,,true,true
1323,HYH71MBY,Avram,Witt,Orem,LA,congue@arcu.edu,(678) 878-0965,false,true,true,false,true,,,,,
1324,VUF66ZLS,Yuri,Burnett,Forrest City,NU,sit@portaelita.ca,(640) 478-4692,false,,true,,,false,,true,,
1325,MDO55IKZ,acqueline,Hansen,Elkhart,SK,Integer.urna@Maecenas.ca,(305) 636-2997,,,true,,,true,,,,false
1326,TBJ26TZW,Ocean,Walters,Orem,AL,ridiculus.mus.Aenean@eratnonummyultricies.org,(185) 614-0888,false,true,true,,false,,false,true,false,true
1327,AQO62TBH,Levi,Vang,Bremerton,CO,Etiam.bibendum.fermentum@Nunclectus.ca,(359) 141-7201,true,,,false,false,true,,true,true,
1328,NOR45CPJ,Giselle,Merrill,Lomita,ME,nibh.lacinia.orci@aliquetmolestie.ca,(454) 273-0516,false,,,false,,true,true,,,
1329,PKM05FJP,Orlando,Maldonado,Culver City,NU,nonummy.ac.feugiat@neceuismodin.edu,(135) 813-9777,true,,,false,false,,true,,false,true
1330,ITZ95EGN,Sylvia,Alford,Forrest City,OK,et.euismod.et@mus.com,(983) 430-6278,false,,,,,,,,true,false
1331,FYF52OQX,Rebekah,Guerrero,Riverton,OR,aliquam.arcu@dui.org,(459) 760-7486,,false,,true,,true,,,false,
1332,XOH82YXA,Hop,Potts,Philadelphia,WV,vitae@fermentum.com,(331) 766-9863,,,false,true,,,true,false,,
1333,KNF52VGG,Marsden,Turner,Miami Gardens,KS,purus@acipsumPhasellus.org,(907) 666-3863,,true,false,true,false,,true,true,,
1334,OIO29GXH,Bethany,Mccoy,Perth Amboy,DC,mi.Duis.risus@felisegetvarius.org,(598) 168-9217,true,,,false,,,true,,false,
1335,VVL78DOU,Freya,Mosley,Muskegon,HI,rutrum.lorem.ac@convallisligula.org,(191) 188-3255,true,,,,false,false,true,true,true,
1336,PDL72HQQ,Kermit,Chen,Corona,DE,non.dapibus@Utsemperpretium.edu,(479) 647-1940,,false,,true,,,,,true,false
1337,ZZE96ORU,Lacy,Brewer,Somerville,ON,Duis.mi.enim@apurusDuis.ca,(850) 192-4893,false,,false,,true,true,false,false,,
1338,EZJ20INN,Charlotte,Leach,Seal Beach,PE,tellus@ac.org,(233) 117-0302,true,,,true,,true,false,false,false,
1339,VLJ15MXO,Sydnee,Wyatt,Schenectady,NT,non.arcu.Vivamus@hendreritnequeIn.org,(253) 858-5557,true,false,true,false,false,,,,true,
1340,FMQ63DLY,Marvin,Wheeler,Ocean City,NS,vitae.semper.egestas@ametdapibusid.ca,(580) 197-5321,false,,true,false,,false,,false,false,
1341,ASH08GVJ,Maggy,Bridges,Lander,MA,feugiat.placerat@Namconsequatdolor.com,(162) 574-2135,,false,,false,,true,false,,false,
1342,WJQ08LNC,Lane,Spencer,North Platte,YT,lacinia@Morbiaccumsanlaoreet.edu,(411) 985-9433,false,,,false,true,,true,,false,true
1343,JCA50WBA,Emily,Hobbs,Hutchinson,SD,nunc@liberoMorbiaccumsan.edu,(882) 542-9311,,,,,,,false,,,
1344,JCZ66MVO,Raya,Williams,Peabody,QC,consectetuer.adipiscing.elit@dolor.ca,(331) 792-0141,,,false,,true,true,,true,true,true
1345,UBA88YEW,Burke,Mueller,Yakima,NU,laoreet@atvelit.ca,(516) 452-3181,,false,true,false,,true,false,false,,true
1346,NIV17KJB,Lars,Cooper,Durango,NU,molestie.Sed@augue.org,(233) 905-8295,,,,,false,,,true,true,false
1347,OZO98PMS,Sloane,Hill,Fayetteville,YT,tellus.non@luctusfelis.com,(379) 119-6864,true,,,false,,true,true,true,,true
1348,YWK89OUQ,Hillary,Hogan,Brookfield,AB,risus.Duis.a@molestie.ca,(457) 306-1086,true,true,false,true,,true,,false,true,
1349,PWN31PBG,Marvin,Valenzuela,Sun Valley,NB,lorem.vehicula.et@ornarefacilisiseget.edu,(940) 670-4182,true,false,,true,,false,true,false,false,false
1350,FVM23FIW,Fitzgerald,Burgess,Batavia,WA,placerat@laoreet.edu,(357) 416-9231,,,true,,false,,,false,,
1351,JIV16AUR,Dylan,Cameron,Santa Fe,NL,volutpat@facilisisfacilisismagna.com,(677) 699-5047,,,false,,,false,false,true,true,
1352,IBX06WYF,Tamekah,Hall,Warren,YT,dolor.dolor@mauris.edu,(330) 593-1680,,,false,true,,true,,false,,
1353,RPY70WCD,Kaitlin,Weber,Danville,WI,lectus.sit.amet@tellus.org,(463) 260-9714,,,true,true,true,,,true,true,false
1354,MAV81NXD,Dalton,Best,Muskogee,TX,leo.in.lobortis@felisDonec.edu,(623) 520-4852,true,true,true,false,true,,,,,true
1355,GLD59KRK,Elijah,Decker,Niagara Falls,QC,quis.accumsan@egestasAliquamnec.com,(597) 142-5665,true,true,false,false,,,false,,true,
1356,GTQ08CHJ,Quentin,Weiss,Weymouth,MS,Aenean@mauris.edu,(445) 737-0627,true,true,,true,,,true,true,true,
1357,BKL61VID,Josephine,Marks,Stanton,MI,velit@orciluctuset.org,(168) 454-0339,,true,true,true,true,,true,true,true,
1358,IOC19RQZ,Adria,Wilkerson,Tamuning,IA,Nullam@Aliquamerat.org,(387) 762-5293,false,false,true,,false,,,true,true,
1359,NPH23XOX,Charity,Lester,Fajardo,WV,purus@Aeneanegestashendrerit.org,(468) 874-5704,,true,false,true,true,false,,,,true
1360,JIG21BST,Portia,Pollard,College Park,QC,egestas.a@Namporttitor.ca,(226) 534-7454,,true,,false,true,,true,true,,
1361,NMB19KRQ,Teagan,Delacruz,Beaumont,LA,feugiat@Integeraliquamadipiscing.edu,(664) 144-8485,true,,false,,true,,false,true,false,true
1362,MHD84PHF,Alexander,Calderon,San Juan,SC,sociis@nonummy.org,(107) 290-6759,,,,,false,true,,false,false,
1363,SEZ33ZMZ,Odette,Branch,Valdosta,BC,est.vitae.sodales@Loremipsum.com,(332) 958-4565,true,,true,,,,,,,
1364,FGP42DIR,Melyssa,Valentine,Clovis,NL,aliquet@urnaNullamlobortis.com,(147) 350-6925,true,false,,,,false,,true,,true
1365,HTH90WBR,Renee,Gibbs,Diamond Bar,TX,elit.pharetra.ut@dictum.edu,(650) 983-7476,,true,true,true,true,false,false,,,true
1366,GNG34BQG,Lael,Haynes,Sugar Land,WI,eleifend.egestas@luctusfelis.org,(500) 793-8659,false,,false,true,,,true,,,
1367,VPC83ZFF,Mercedes,Rodgers,Casper,NB,dui.augue@felisadipiscingfringilla.edu,(974) 443-9982,,,true,true,,true,,true,,
1368,WIW27JPR,Erasmus,Hendricks,The Dalles,HI,Cras.pellentesque.Sed@enimCurabiturmassa.ca,(115) 943-9045,true,,,true,,,,false,,
1369,AAK59WWX,Warren,Glenn,Laguna Niguel,WA,a@acfeugiat.edu,(823) 648-4515,false,true,false,true,false,false,false,,true,
1370,WHR28CAJ,Luke,Daniels,Thiensville,BC,facilisis.facilisis.magna@vitaeposuere.com,(460) 762-8474,false,,true,true,false,true,,true,,
1371,LOI42YSD,Gay,Herman,Newburyport,NV,semper@orciluctus.com,(158) 975-4495,true,false,false,,,,,,true,true
1372,XSJ76DHB,Lara,Cruz,Monterey Park,RI,eget@neque.com,(316) 829-0355,,,false,,false,,,true,false,false
1373,QWQ27YET,Freya,Padilla,Glen Cove,AK,urna@quis.org,(689) 485-8430,,true,,false,,true,false,true,,true
1374,DHN06KPN,Stuart,Weaver,Muskegon,YT,non.sapien.molestie@eu.org,(404) 275-0376,,false,true,false,,,,,,true
1375,EZT61MGH,Serina,Anthony,Valencia,MI,Integer@sapienNunc.ca,(940) 452-5840,,,true,false,,,false,true,,
1376,UAT83HEY,Clare,Mcdowell,Webster Groves,PE,lacus@Pellentesque.edu,(172) 263-7257,,false,false,true,true,,true,true,true,true
1377,QVQ90HHV,Jonah,Sykes,Murfreesboro,QC,dui@Quisqueimperdiet.com,(243) 301-1717,true,,false,,false,,false,,,false
1378,URM19NIC,Ethan,Jefferson,Somersworth,QC,convallis@tellusPhasellus.ca,(182) 573-7762,,,,true,true,false,true,,false,
1379,JNM60FAT,William,Mendez,Ansonia,NB,lorem@vestibulum.edu,(899) 877-3768,,,true,true,true,false,false,true,,
1380,BWJ07DSB,Troy,Hensley,South Portland,MB,nibh.sit.amet@laciniamattisInteger.com,(644) 106-7798,false,true,true,,false,false,,false,false,
1381,SUC18DTR,Stephanie,Peck,Marietta,ON,Etiam@Uttincidunt.org,(993) 123-7429,true,false,,,true,,,,false,
1382,SGM02RKA,Chaim,Meadows,Aliquippa,MT,Cum@vitaesodales.org,(146) 392-5816,,,,true,true,true,true,,true,false
1383,FYV82TDV,Malcolm,Frank,Livonia,WV,a@etcommodo.ca,(368) 836-8854,true,true,false,true,true,,,false,,false
1384,VVS66CHN,Tarik,Sexton,West Memphis,SC,Duis@a.edu,(684) 604-4163,true,,,,,,false,false,,
1385,OWG94GKV,Gwendolyn,Wynn,Dana Point,YT,nunc.est@ultrices.org,(410) 370-0834,,,,,,false,,,,
1386,UMR88KVX,Farrah,Carson,Gu nica,NT,et.nunc@aliquetodio.edu,(808) 244-2254,,,false,false,true,,true,false,,false
1387,ANB86MIY,Regina,Sherman,Hanahan,VT,urna@Sedcongue.ca,(532) 521-4532,,,,,,false,true,,,true
1388,PMC80JYL,Walter,Gentry,Port Orford,NB,Sed@urna.edu,(780) 169-2000,,true,true,false,,,false,true,true,false
1389,CNX15OCU,Lance,Carr,Taylorsville,WI,commodo@tellus.edu,(654) 529-0948,false,false,,true,,,false,,,
1390,KWH83NTJ,Irma,Cleveland,Fairbanks,MB,ut.dolor@nequevitae.ca,(602) 952-3735,false,true,,,true,,true,,,false
1391,BCO30DOK,Shellie,Walsh,Waltham,AK,malesuada.augue.ut@convallisincursus.com,(346) 121-3426,true,false,,,true,,,false,true,
1392,GIC83KAU,Ria,Fitzpatrick,Kansas City,PE,sodales.at.velit@Aliquam.ca,(830) 482-9108,,,false,false,,false,,,,false
1393,NKS67OVR,Orlando,Sexton,Memphis,MT,ullamcorper.nisl@placeratCrasdictum.com,(724) 141-4851,,true,false,false,,true,true,,,
1394,FWG69SUJ,Kessie,Guerrero,Medford,YT,semper.erat.in@semconsequat.edu,(649) 618-0537,false,true,true,,,true,,,,
1395,AUD93HWJ,Sydnee,Chapman,Bowie,NU,nec@lobortistellus.com,(141) 888-8437,false,false,,true,false,,,,,true
1396,OZD67ANP,Jonas,Stephens,Hoover,BC,feugiat.metus@sapienmolestieorci.org,(630) 559-7800,true,true,false,,false,,true,true,,false
1397,KJT48IKP,Callum,House,Norwich,SK,non.cursus@tempordiam.edu,(424) 279-7405,,true,,,true,false,false,,,
1398,NXM90GXV,Neve,Wall,Huntington Beach,SK,libero.Integer@eratvelpede.ca,(564) 728-1106,false,,false,true,,true,true,,true,true
1399,NLJ91QVG,Ryder,Sellers,Tacoma,NT,mi.eleifend.egestas@Integer.ca,(295) 270-4991,true,false,,,,,true,,false,false
1400,ZZM41GNO,Connor,Klein,Pittsfield,BC,congue.a@variuseteuismod.ca,(453) 612-9721,true,,,false,,true,true,false,,
1401,TRR03VJH,Mariko,Marsh,Joplin,IL,Cras.vehicula.aliquet@magna.ca,(274) 861-5034,,,,,true,false,,true,true,false
1402,UXU27MKH,Justine,Roberts,Saipan,QC,sollicitudin.adipiscing.ligula@Donecfringilla.com,(278) 476-9328,,true,,true,,,true,,true,
1403,WHO76IKQ,Neville,Moses,Little Falls,PE,eget.metus.eu@est.org,(436) 415-7923,,,true,,,true,,false,,
1404,OTA21DUW,Aubrey,Benson,Cohoes,MB,erat.vitae@lacus.ca,(634) 659-5915,,,false,,,false,,,false,false
1405,ZQT42IJW,Diana,Hutchinson,Jonesboro,FL,porttitor.vulputate.posuere@sitametluctus.ca,(297) 429-7969,false,true,false,false,true,,,,false,true
1406,CUP81WVW,Remedios,Kent,Santa Fe,NV,nisl@nec.org,(789) 890-1674,,,false,,,true,false,,true,true
1407,FIM11LFH,Brenna,Vincent,Port Arthur,NS,libero.est@etnetus.ca,(895) 598-7534,,true,,true,,,true,,,true
1408,IJY88WSQ,Ivan,Blackwell,Avalon,CA,cursus@lacusUt.org,(505) 580-7711,,,,true,,,,,,
1409,HZJ84FXE,Zenia,Beck,Flint,DC,nonummy@magna.edu,(184) 215-4081,false,,false,true,,false,,,,
1410,TJQ25UTZ,Shaeleigh,Mcdaniel,Charleston,OR,aptent.taciti.sociosqu@egetvenenatisa.ca,(297) 437-8595,true,,,false,,true,false,false,,
1411,WOV50FIW,Quemby,Curtis,Hoover,VA,mollis.vitae.posuere@vitae.com,(513) 396-9477,true,false,false,,,true,false,false,true,false
1412,FBL53LFH,Thane,Wilkins,Baytown,ND,eget@auctorvelitAliquam.ca,(404) 175-6145,true,true,,,false,true,false,,false,
1413,JLG85ALG,Clayton,Stout,San Francisco,NJ,consectetuer.adipiscing.elit@hendreritaarcu.com,(449) 992-1175,,true,,,,,,true,,false
1414,WFQ81PBG,Rachel,Sexton,Rockford,TN,enim.Nunc.ut@vehicularisus.com,(558) 683-2667,,true,,false,,false,true,,false,true
1415,PIG49BWF,Orson,Johnson,Valparaiso,KS,nunc.In.at@tinciduntduiaugue.ca,(367) 646-7939,false,false,,false,false,,,true,,
1416,KVK14WVD,Rana,Cooley,Ashland,IL,enim.commodo@elementumdui.ca,(460) 863-4249,false,,true,false,,,,true,,
1417,ISG34YRZ,Damon,Brady,Vallejo,YT,imperdiet.erat@musProinvel.edu,(264) 771-5439,true,,,false,,,false,false,false,true
1418,RZD16WGF,Eugenia,Mckenzie,Butte,YT,morbi.tristique@lobortis.edu,(315) 789-3897,false,,true,,true,false,true,,,
1419,YJN40JKJ,Duncan,Gray,Cairo,SD,Suspendisse.eleifend.Cras@convallis.ca,(956) 424-4353,,,,true,,,,,true,true
1420,QYL23RSV,Yasir,Farley,Charlottesville,NL,ipsum@odio.org,(387) 809-1878,true,true,,,,true,,,,true
1421,KAS28UDZ,Neve,Tanner,Thiensville,NU,Curabitur@eu.com,(749) 559-4002,true,true,true,false,,,true,,true,
1422,GUU22IET,Gisela,Davis,Atlantic City,CO,sociis.natoque.penatibus@seddolor.edu,(711) 667-0570,false,,true,false,false,true,,,true,false
1423,TPF92VRH,Grady,Hayden,Garland,MT,bibendum.Donec@cursus.org,(852) 709-7354,,,false,,false,,false,false,,
1424,VFF09HBS,Madeson,Mccall,Charleston,SK,at.lacus.Quisque@pharetraNam.org,(306) 466-1912,,,false,false,,true,,true,,
1425,QKC38UZY,Oleg,Bonner,Corinth,AB,eu.neque@enimSuspendisse.ca,(636) 473-3473,true,,false,true,,,,,,false
1426,TJO47IUD,Quyn,Johns,Long Beach,ID,nec.enim@Maecenasiaculisaliquet.org,(210) 525-6555,,,,,,,,,,
1427,ZNW00CQR,Lydia,Cooper,Claremore,SK,lacinia.vitae@elit.edu,(534) 533-6868,,true,,false,false,true,true,true,,
1428,DOI50QWP,Jelani,Knox,Lansing,ON,Nunc.sed@habitant.com,(842) 690-4925,false,true,false,false,,true,false,,true,
1429,WEH18GFG,Chaim,Knight,San Mateo,BC,risus.Donec@estconguea.ca,(836) 590-9884,,,,,false,false,,,,
1430,JET96RAO,Laura,Terry,Yuma,PE,Morbi@maurissitamet.edu,(555) 671-6442,true,true,true,false,false,false,,,true,
1431,WSM43GOB,Mira,Alexander,Elizabeth City,VT,dapibus.rutrum@sapiengravida.ca,(917) 534-5814,,,true,,,,,,,false
1432,ORO31XUS,Norman,Walton,Brea,QC,rutrum.justo@orci.com,(388) 537-6613,,false,,,,false,false,,true,
1433,YRP72XNX,Kermit,Morton,Frankfort,SK,turpis.non.enim@Crasconvallis.edu,(787) 781-7113,true,,,,false,false,true,,true,true
1434,PEN39IMR,Jolene,Mcknight,Appleton,AB,fringilla@loremsit.edu,(900) 267-5641,,false,false,,,,false,false,false,false
1435,OPJ68BKK,Nell,Serrano,Lock Haven,QC,lectus@Nulla.com,(738) 822-3597,,,true,true,,,,,,true
1436,ARE84LDW,Winifred,Burton,Muskogee,MI,massa.Integer.vitae@purusDuiselementum.ca,(243) 496-4610,true,,,true,,false,,false,true,false
1437,RCL04JRZ,Willow,Rosales,Alexandria,NS,sem.ut.dolor@tristiqueaceleifend.org,(180) 207-8025,false,,false,false,true,,true,true,,true
1438,YQM08MTR,Lara,Aguirre,Eatontown,IN,accumsan.interdum@primisinfaucibus.edu,(770) 536-0984,false,,false,,,false,false,,,
1439,NZC64LFN,Imani,Alston,Yigo,YT,fermentum@ipsumPhasellusvitae.org,(184) 289-6200,,false,,true,,,,true,false,true
1440,PTP09KAO,Melvin,Bates,Newburyport,BC,ac.sem@nullaDonec.ca,(812) 366-0510,,true,true,true,false,true,,,,false
1441,AOC28SWW,Cole,Beach,Westfield,WI,Donec.tempor@felisullamcorper.com,(280) 998-2213,false,,,,false,,,true,,
1442,MII53FIN,Hyacinth,Knight,Tacoma,NL,lacus.Ut.nec@odioAliquamvulputate.edu,(422) 139-5105,,,true,,true,false,,,false,true
1443,DZB30MIO,Margaret,Heath,Claremore,YT,egestas.Aliquam.fringilla@VivamusrhoncusDonec.ca,(724) 263-2293,true,,true,false,,true,true,true,false,false
1444,KKO85EET,Jennifer,Cardenas,Bowling Green,VA,id@nequeNullam.edu,(750) 319-8053,true,false,,true,false,,false,false,true,true
1445,PGG65KPK,Hilary,Cherry,Providence,BC,dis@eratvolutpatNulla.edu,(722) 676-3838,,,,,true,,,true,,false
1446,QMO80IOJ,Cooper,Taylor,Eden Prairie,WA,Mauris@nasceturridiculusmus.ca,(619) 541-4259,true,false,,,true,true,,true,false,false
1447,XIO87AZF,Cullen,Livingston,Calabasas,LA,In.scelerisque@turpis.com,(194) 990-7897,false,true,true,true,true,,false,,,false
1448,QUZ06ZBK,Roth,Wright,Chickasha,ME,a@mitempor.com,(875) 979-3395,,,,false,,false,,true,,
1449,IFC81VWN,Dana,Sherman,Amesbury,NL,ut@eratneque.edu,(688) 800-3953,,true,true,true,,,,,false,true
1450,EHJ00JCM,Halee,Nichols,Sierra Madre,NV,tempor@accumsan.com,(504) 729-9651,,,false,true,,,,true,,false
1451,PDF08MZW,Brynn,Mcclure,West Covina,NS,nec@loremeu.edu,(803) 903-5557,,,false,,,,true,false,,true
1452,BOX44XTB,Ivor,Ellison,Seward,NU,Nam.ac.nulla@nonsollicitudin.edu,(104) 194-7147,false,false,,false,true,false,false,,,false
1453,VQD36DSL,Edan,Clark,Chicago,NE,lacinia.mattis@ac.ca,(136) 308-3081,true,false,,false,false,false,,false,,
1454,LNU07WWC,Simone,Richmond,Council Bluffs,NT,Nulla.facilisis@molestietellus.edu,(476) 522-2636,,,false,,,,true,true,,
1455,PST22ZML,Margaret,Snow,Broken Arrow,QC,vel.arcu@liberoMorbi.ca,(543) 412-9074,,false,,,true,,true,,,
1456,RZP03SIH,Pearl,Barnett,Phoenix,OH,dui@duisemperet.org,(505) 183-3860,,false,,false,,false,true,false,,
1457,MTK07FKC,Aristotle,Bauer,Calabasas,UT,adipiscing.Mauris.molestie@loremauctor.com,(733) 892-7237,,,,,false,,,false,true,true
1458,GLF53EVB,Jayme,Chavez,Roswell,VA,magna@lobortis.com,(749) 477-9837,false,,,,,,,false,,
1459,ABZ94RSL,Jolene,Armstrong,Cumberland,AB,commodo@ligulaAliquamerat.com,(374) 894-3079,,false,,true,false,,,true,true,true
1460,XVR36QUA,Myles,Mason,Warren,UT,turpis.vitae@loremloremluctus.edu,(455) 100-9755,,,,true,true,,false,true,false,
1461,FWP79PTX,Fletcher,Fields,Idaho Falls,OH,ipsum.dolor.sit@ornaresagittis.com,(128) 202-0611,,,false,false,true,false,,true,,true
1462,EOU06UJS,Idona,Jenkins,Uniontown,NS,faucibus.ut@Sedid.ca,(405) 618-4181,false,,,true,true,,,true,,
1463,EQO72SOT,Sage,Hobbs,Valparaiso,NT,Duis.at@esttemporbibendum.edu,(594) 742-5259,,,true,,,,,false,,true
1464,QLR01DIS,Germaine,Vaughan,Northampton,AK,Nulla.eu.neque@Donecegestas.edu,(932) 738-3610,true,false,true,,,true,true,,true,false
1465,TVJ96TVZ,Ifeoma,Welch,Alamogordo,RI,Mauris@nectellus.ca,(419) 477-4041,false,true,true,,false,,,,,
1466,QVS52LHR,Jeremy,Randolph,Saint Louis,ID,nunc@Donectempor.org,(287) 818-2219,true,false,,true,,,,,false,
1467,FKD02IXL,Kirestin,Adams,Hoboken,NC,tincidunt.pede@nibh.ca,(561) 678-0465,true,false,,,true,,,,false,
1468,ETT33MFK,Xander,Thomas,Union City,VT,Nunc.sed.orci@vitaeposuere.org,(105) 737-9463,true,,,true,,true,,true,,
1469,LHU09CVY,Luke,House,East St. Louis,DC,pede.Praesent.eu@erateget.org,(604) 620-4053,,true,,false,true,false,false,,,
1470,MSV93BAT,Belle,Mcguire,Bentonville,UT,sollicitudin.commodo.ipsum@enimEtiam.edu,(309) 470-6214,,false,true,,false,true,,,,true
1471,MZV43QNY,Taylor,Mooney,Kennewick,NB,Nullam.velit@nulla.edu,(380) 803-2166,false,,,,,true,false,,,
1472,SPZ74ADR,Brenden,Rivas,Enfield,YT,Suspendisse.sed.dolor@dolordapibusgravida.com,(802) 562-7562,true,,true,true,true,true,true,false,false,
1473,VYO04DHF,Owen,Wilcox,Layton,PA,natoque@libero.com,(251) 930-8552,false,,false,,,false,false,,,false
1474,XSV06FBL,Rashad,Nash,Norwalk,PA,urna@sedorcilobortis.edu,(127) 409-4210,false,false,,,,,,true,true,true
1475,DRA80BUP,Duncan,Whitley,Peru,MD,sociis.natoque@nonjustoProin.edu,(814) 630-1171,true,,false,true,false,true,true,,,
1476,DCE57MQW,Marshall,Holder,Wheeling,NT,non.dapibus.rutrum@eleifendvitae.edu,(350) 239-4844,,false,false,false,true,false,false,,true,
1477,VNW86EVD,Alea,Dennis,Merizo,BC,non@ullamcorper.com,(981) 153-2438,true,false,true,true,,true,true,,,false
1478,BVC29QPC,Bert,Vasquez,Woodruff,NM,blandit@convallis.ca,(706) 375-6462,,,true,,,false,,true,true,
1479,UVT41LAU,Tiger,Nash,Battle Creek,NB,Fusce.mi@imperdiet.edu,(287) 303-0999,,true,,,,true,true,,,
1480,ZLW77WCU,Quintessa,Austin,Palm Springs,QC,at.risus.Nunc@nullaIn.org,(753) 533-9678,true,false,true,,true,,false,,false,
1481,WEB27LPQ,Amir,Griffith,Kennewick,YT,tristique@egetmassaSuspendisse.com,(426) 188-3764,,,,,,true,,false,true,
1482,ZRR67OLB,Gage,Bond,McAllen,IL,enim@Sedeget.edu,(709) 336-0755,,true,false,,false,true,,true,,
1483,SEK64SGL,Josiah,Shelton,Asbury Park,SC,aliquet@atarcuVestibulum.org,(420) 221-1236,true,,,,,,true,false,,
1484,YOC06IFV,Kenneth,Luna,Laguna Niguel,ID,urna@ametmassaQuisque.edu,(204) 473-2046,,true,,,false,,false,true,true,
1485,CRV50PXH,Merritt,Guthrie,Ventura,SK,nec.orci@vitae.ca,(831) 205-7607,,true,false,false,,true,true,,,true
1486,IJW45XZJ,Justina,Bowman,Bentonville,AL,dui.Suspendisse@necenim.edu,(610) 419-7642,,true,true,,false,,true,,,false
1487,VLK88OVO,Carla,David,Salisbury,NB,Integer.aliquam.adipiscing@dapibus.org,(239) 387-2380,,true,true,,true,,true,,,
1488,SNR67OKA,Tara,Franco,Bell,MI,et.libero@Nuncsollicitudincommodo.edu,(382) 258-1521,true,false,,,false,false,,false,,false
1489,SFZ03OWM,Brody,Bell,Normal,NV,tincidunt.congue@enim.com,(160) 386-0986,false,,,,,false,true,false,,
1490,BDD04YTL,Tamara,Moody,Carolina,NC,fringilla.ornare.placerat@Fuscefermentumfermentum.edu,(319) 666-4760,false,,,,true,,,,true,true
1491,DTB03TST,Jason,Harvey,Santa Rosa,NM,euismod@Curae;.edu,(163) 662-8197,true,false,true,true,true,,,false,true,
1492,VJE29UNV,Zelenia,Lambert,Minnetonka,PE,laoreet@consectetueradipiscing.edu,(153) 198-7163,false,,,false,true,,,true,,
1493,LEO72MQY,Melissa,Forbes,Forrest City,MB,neque@sapiengravidanon.ca,(871) 309-1804,false,false,true,,,true,true,,,false
1494,ZUV00XBE,Octavius,Benton,North Charleston,CO,quis.arcu.vel@Vivamus.ca,(635) 395-3053,,,false,false,false,,true,false,false,
1495,FCB73BHT,Berk,Swanson,Buffalo,BC,cursus.Integer.mollis@milaciniamattis.org,(486) 954-6700,,,false,true,,false,false,false,true,true
1496,IJP93DLA,Tyrone,Huber,Bessemer,MB,libero.lacus@euismodmauris.org,(665) 815-5254,,true,true,false,,true,false,false,true,true
1497,IIN91RMT,Sylvia,Ayers,Columbus,KS,ligula.Aenean@sedestNunc.edu,(932) 533-2699,,,,false,true,true,true,,,
1498,NHG78PBC,Deborah,Barry,Beaver Falls,NU,risus@ipsumdolor.com,(352) 121-1963,,true,true,,true,true,false,true,,false
1499,EXZ49GPC,Charles,Ellis,Lakeland,NS,in@malesuada.edu,(708) 561-0669,,,,,,false,false,,,
1500,FUW02OHH,Christopher,Wallace,Eureka,NT,Phasellus.vitae@blandit.org,(281) 642-8548,false,,,true,,false,,,true,false
1501,GUI33UPH,Gavin,Austin,Clarksville,YT,ornare@sollicitudincommodo.ca,(987) 409-8675,,false,false,false,true,true,true,false,false,true
1502,FSU90WWX,Kelsey,Morrow,Johnson City,SK,odio.a.purus@velnisl.ca,(135) 832-8511,,,false,,,,,true,,true
1503,XAA48IRS,Thaddeus,Skinner,Santa Cruz,MB,commodo@lectuspede.org,(429) 271-8328,,false,false,,true,,false,true,true,
1504,IOH27ZKN,Faith,Nunez,Johnstown,NU,malesuada.vel.venenatis@risusDonec.ca,(591) 365-9426,false,false,false,false,false,false,false,false,,false
1505,NBK63BGH,Kameko,Lancaster,Virginia Beach,PA,luctus@Mauris.org,(755) 149-9525,,,,false,true,false,true,,,false
1506,FMT74FSL,Pandora,Wolfe,Washington,ND,vitae@arcuvel.ca,(655) 132-2926,false,false,,false,,,,false,,true
1507,PFM12UJL,Raymond,Moore,Bossier City,AK,Sed.id.risus@Duiselementum.org,(957) 367-2799,,true,,false,,true,,false,,true
1508,QVH30ZEH,Melyssa,Chen,Easthampton,AK,Mauris.vestibulum@telluseu.org,(575) 300-9320,,false,,,,false,true,,true,
1509,NPS08UCV,Chanda,Gomez,Sierra Madre,NS,pretium.et@amagna.ca,(826) 296-6515,false,,false,,,true,false,false,false,true
1510,GNY97YOK,Josiah,Phillips,Aguadilla,BC,tellus@ultrices.com,(512) 185-9053,false,false,,false,,true,,false,true,false
1511,YEL22HVD,Ebony,Frederick,Lebanon,AB,Donec@primisinfaucibus.ca,(863) 700-5400,,false,false,false,,,,false,false,
1512,GYL66LSF,Whoopi,Ratliff,Detroit,MB,lorem.eget@Nullafacilisi.ca,(493) 716-5520,false,,true,,false,false,false,true,false,
1513,JUY65DIC,Neville,Mejia,Compton,OR,volutpat.ornare.facilisis@cubiliaCurae;.com,(273) 645-1325,false,false,,,false,,,,,
1514,YOH21TVI,Bernard,Bruce,Stamford,ME,hendrerit@aclibero.ca,(349) 883-0676,,true,true,false,false,,false,,true,
1515,SJJ61EBG,Selma,Rodriquez,Tuscaloosa,CA,placerat.orci@diameu.ca,(234) 926-1919,,false,,true,,,false,,true,false
1516,YTJ36QZV,Laurel,Clay,Rohnert Park,NU,ac.nulla.In@luctusCurabituregestas.com,(238) 401-6295,false,,,,false,true,false,,,
1517,IFC15DHE,Herman,Erickson,Rensselaer,NB,congue.turpis.In@sagittis.ca,(923) 815-1481,,,true,,false,,,,,
1518,XJU22YWJ,Herman,Murray,Lafayette,HI,tortor.at@sedconsequat.org,(319) 424-8689,,false,,false,false,true,false,false,true,true
1519,NDV55CZJ,Prescott,Slater,Gary,SK,quis@laoreet.org,(301) 955-8956,false,,,,true,true,,false,,false
1520,TZE89SLT,Martha,Weiss,Grafton,NT,taciti.sociosqu@ac.com,(864) 372-0132,false,true,true,false,,false,false,,true,
1521,DEF54ZTN,Brendan,Blackwell,Pomona,NE,id.mollis.nec@diamSed.com,(774) 958-4850,,,,false,,,,,,
1522,RZF09UWK,Louis,House,La Verne,NJ,fermentum@orciPhasellus.com,(847) 451-4226,,,false,,,,,,,
1523,PGU46HPC,Kessie,Slater,San Antonio,AB,consequat.enim@duiFusce.edu,(884) 615-9182,,true,,,false,true,,,,false
1524,VUD23GUH,Griffin,Moore,Mayagez,SK,semper.erat@porttitorvulputate.edu,(541) 260-4041,true,true,false,,false,true,false,,false,true
1525,PMH76YTD,Winter,Carson,Fall River,SK,eget.venenatis@Nullasemper.ca,(414) 918-4478,,,false,true,true,false,,false,,false
1526,QCH00LXM,Tanya,Moon,Erie,IL,sem@ornarelectusante.ca,(777) 874-7184,true,,,true,,true,true,false,,
1527,CYV87QIM,Orlando,Carson,Vineland,NU,et.magnis@egestas.ca,(375) 144-9861,,,false,false,,true,,false,true,
1528,ZSC57PZT,Hu,Mckinney,Stafford,NS,fringilla.porttitor@orci.edu,(640) 265-8858,,true,false,true,,true,,,false,false
1529,IDP43FAD,Althea,Livingston,Warwick,MD,urna@nunc.ca,(338) 263-4926,false,true,false,false,,,,,true,true
1530,ODY43OUU,Kibo,Allison,Hialeah,BC,mus.Proin.vel@Donectincidunt.org,(987) 882-1697,,,,false,true,true,,false,,
1531,VBZ58WTA,Kieran,Noel,Saint Albans,AB,magnis.dis@tellusPhaselluselit.org,(532) 159-0933,,,true,false,,false,true,,false,false
1532,SGQ03DZJ,Basia,Green,Plainfield,VT,bibendum@magnaSed.ca,(907) 287-4644,,,,true,,true,,,true,
1533,RLB45WGZ,Kelsey,Norton,Irwindale,ME,elit.sed@enimSednulla.com,(888) 485-7746,,,,,false,true,true,,,true
1534,BTV91SMY,Jena,Todd,Miami Gardens,KS,pede@Utsagittis.edu,(560) 229-2339,,,,,,,false,true,,
1535,QPL77RRZ,Aidan,Atkinson,Yonkers,NB,et@utodiovel.com,(457) 727-3707,true,,,,false,true,,,true,
1536,BON72TNO,Jena,Mcintyre,Flagstaff,MN,eu.placerat.eget@sitametluctus.org,(507) 329-4541,false,,true,true,,,,false,,false
1537,BID76KSC,Unity,Conner,Cohoes,ON,nulla.ante.iaculis@feugiat.edu,(743) 777-2786,true,true,,false,,,true,false,false,
1538,SCR08LUE,Cullen,Nash,San Angelo,QC,Donec.porttitor.tellus@semconsequatnec.edu,(983) 363-2717,,,,,,true,,,,
1539,BKJ47ASZ,Reuben,Tillman,Rome,YT,Nullam@variusorciin.ca,(976) 991-4444,true,false,,,false,,false,false,,true
1540,DSO76LYA,Wanda,Hanson,Leominster,SK,elit@antedictumcursus.ca,(629) 299-0032,false,,false,,,,true,true,,false
1541,IEK23KGK,Idona,Marquez,Pomona,MB,at.velit@consectetuereuismod.com,(683) 242-0024,false,true,false,,,true,,false,,false
1542,BLZ46KQQ,Jaden,Smith,Cairo,IN,ullamcorper.magna.Sed@aduiCras.com,(370) 208-6524,,,,,false,,,false,,
1543,DKB15CZF,Lillian,Drake,Oak Ridge,YT,accumsan.sed.facilisis@ipsum.ca,(620) 944-6563,false,false,,false,true,true,,true,true,true
1544,MFY51JYT,Teagan,Mckinney,Charlotte Amalie,NJ,montes.nascetur@dictumsapien.ca,(196) 943-4081,true,true,false,,,true,false,,true,false
1545,WZZ48KVK,Ifeoma,Pittman,Macon,AB,risus.a.ultricies@nibh.ca,(476) 160-4294,,,true,,false,false,,false,true,
1546,IUL98CZH,Grant,Thompson,Pierre,UT,felis.eget.varius@tinciduntnibhPhasellus.edu,(339) 638-2467,false,,false,true,,,true,true,true,
1547,UMX70HQH,Rafael,Ellis,Altoona,ON,lobortis.mauris@pede.com,(287) 136-8924,,,false,false,true,true,true,false,false,
1548,LIQ13AUE,Wanda,Bradshaw,New Iberia,WV,orci.Ut.semper@Nullatinciduntneque.ca,(535) 430-9499,true,,,,,,,,,true
1549,WIZ46INP,Riley,Hull,Mechanicville,HI,iaculis.quis@dictumeu.edu,(834) 349-6418,,true,false,,true,false,,,true,false
1550,ASU40GLS,Nyssa,Marquez,Lufkin,AB,non.leo@risus.ca,(887) 920-2671,false,,,,,,,true,true,true
1551,VVL67SRZ,Geraldine,Howell,Caguas,SK,erat@eleifendvitaeerat.edu,(131) 782-5494,,,true,,true,,,false,true,
1552,RJS80OCQ,Amaya,Bauer,Beckley,NS,cursus.vestibulum.Mauris@Donec.edu,(872) 881-5210,true,true,,true,true,true,false,,,
1553,CZL37GMH,Jeanette,Melendez,Grand Rapids,AB,sociis.natoque.penatibus@mifringilla.edu,(338) 191-3812,,,,true,,,,false,false,
1554,HJC13AIS,Tanya,Jones,Walnut,YT,velit.egestas.lacinia@ullamcorpervelitin.com,(174) 815-7659,false,,,false,false,,,false,,
1555,RKS12WSZ,Kalia,Evans,Tucson,NB,nisi.a@semegestas.org,(209) 422-9652,,false,,false,true,false,true,true,,
1556,IKC27JNS,Amal,Baker,Warwick,MS,sapien.Cras@semconsequatnec.org,(791) 759-4202,,true,,true,,false,,false,,
1557,DSI35WHZ,Ashton,Hayden,Claremont,MS,pede@luctusvulputate.edu,(816) 243-0444,true,false,,false,,,true,,true,
1558,XXA61LYC,Walker,Hess,Muskogee,NT,dapibus.id.blandit@Cras.org,(417) 103-1629,false,true,,true,,true,,,true,false
1559,FGI92JGM,Alec,Lott,Idaho Springs,PE,sagittis.augue@dictumcursusNunc.com,(200) 950-0277,,false,,true,,true,,,false,
1560,QPB65PRR,Ray,Hicks,Independence,QC,tempor@massa.edu,(478) 112-3905,,,,true,false,,false,,,
1561,BPW86BCA,Winifred,Church,Monrovia,ID,diam@egestasAliquam.edu,(205) 278-4733,false,,,,,,true,true,false,
1562,FKX75QRB,Gary,Wolfe,Henderson,MI,Nullam.vitae.diam@amet.edu,(414) 991-7408,true,,true,false,true,true,,true,true,true
1563,WGB31ZLY,Jamalia,Lynch,Santa Rosa,MN,molestie@eleifendegestasSed.org,(454) 855-8445,,,,false,,true,,,,
1564,DNM53BCF,Jared,Kemp,Rye,PE,elit@ProinmiAliquam.org,(264) 903-1445,false,false,false,,,,,true,,false
1565,LSA86CFT,Kareem,Parrish,Grass Valley,BC,nunc@tempuslorem.edu,(835) 777-4412,,true,true,,false,,,true,true,false
1566,WUN44HEX,Omar,Golden,Columbus,WV,dictum.augue@elementumlorem.com,(394) 847-4032,false,,,,false,,,false,,false
1567,UBA28MBI,Juliet,Gilliam,Monroe,SD,pharetra@tempus.edu,(861) 999-8113,false,,,true,,,true,false,false,false
1568,POA74YRI,Briar,Shepherd,Plymouth,AK,facilisis@pede.edu,(813) 690-2407,,,,,false,true,,false,true,
1569,ADV37UJZ,Daniel,Good,Paducah,SC,vel@magna.org,(752) 368-9658,,false,,true,true,,false,false,,
1570,QFC95TVL,Hope,Hart,Fontana,NT,neque.venenatis@eleifendCras.com,(825) 779-4233,true,,,,true,,,false,,true
1571,XPU43OLU,Rina,Savage,Columbia,NS,sodales.elit@consequat.org,(977) 293-9243,false,,true,false,,,true,false,,
1572,CHW84VFJ,Brooke,Odonnell,Pine Bluff,OR,non.hendrerit.id@loremfringillaornare.edu,(842) 839-6511,false,,,false,,,false,true,,
1573,HFC50LNR,Uta,Patton,Seal Beach,QC,adipiscing.lobortis.risus@Quisque.edu,(543) 516-2765,,false,,,true,true,true,true,,
1574,AOM30PBH,Erasmus,Porter,Sandy,AK,purus.ac@variuseteuismod.com,(881) 466-9517,false,false,false,,,true,,,,false
1575,XTG01XSD,Ila,Stevenson,Vernon,AZ,euismod@purusDuiselementum.ca,(294) 233-2288,,true,,,,false,,,false,false
1576,BAL51UYL,April,Richmond,Fairfax,NB,facilisis@acarcuNunc.ca,(355) 763-1522,,,,true,true,,,false,,
1577,SLH21YOG,Jamal,Shepherd,Las Vegas,NH,eget@atortorNunc.ca,(567) 190-6255,,,true,true,,true,true,false,false,
1578,BQH86GXH,Joan,Hutchinson,Sutter Creek,SK,Vivamus.nisi@Namligulaelit.ca,(878) 836-3856,false,true,,,,,,true,false,
1579,YFZ70JLI,Clark,Wolfe,Whittier,DE,Nullam.suscipit.est@vehicula.com,(654) 504-2612,,,,,,false,false,false,false,
1580,LBN95OJV,Danielle,Lewis,Billings,NB,nec.ligula@pharetra.edu,(740) 202-7219,false,,false,,false,,,,,false
1581,PRN68OXP,Sade,Armstrong,Littleton,CA,velit.Aliquam@scelerisque.ca,(892) 929-1825,false,,true,,true,,,false,,
1582,JDS61YQG,Renee,Sharp,Spartanburg,NU,blandit.Nam.nulla@infelisNulla.edu,(602) 339-1506,true,,,,,,,,false,
1583,HTY50HOF,Roth,Mathis,Sutter Creek,KY,eleifend.egestas.Sed@variuset.com,(935) 252-4805,,true,false,false,,true,true,true,,
1584,ALP56EVB,Arden,Schroeder,Newcastle,BC,pretium.aliquet.metus@Donecdignissimmagna.ca,(977) 663-5473,false,,true,true,false,true,true,,true,
1585,QDG37WTH,Emily,Knight,Morgantown,NV,ac.ipsum@nonhendreritid.edu,(568) 128-2471,false,true,,,true,false,,false,,
1586,EOQ05YYV,Hillary,Neal,Youngstown,VT,dapibus.ligula.Aliquam@velturpisAliquam.org,(893) 321-2564,true,false,,false,true,false,true,,,
1587,HFN64UUT,Emily,Hernandez,Covina,AZ,condimentum@elitsed.org,(221) 587-6112,,true,,,true,,,,,
1588,GQF31BDU,Damian,Eaton,Anaheim,WA,vulputate.ullamcorper@quislectusNullam.edu,(653) 164-4661,,,true,true,true,,true,,,true
1589,HQI66ABB,Neville,Noble,Coos Bay,GA,ut.mi.Duis@Proinnon.ca,(338) 406-5377,,,true,true,true,false,true,false,,true
1590,JAD24EVZ,Jerry,Mclaughlin,San Angelo,FL,enim.Nunc.ut@risusquis.edu,(386) 762-3049,false,,,,,true,,,,
1591,GTP94HDU,Giselle,Maddox,Plattsburgh,MB,Sed@molestiepharetra.org,(855) 763-8570,,,,,,true,true,true,true,
1592,KBS97IIP,Stella,Bray,North Pole,NH,consectetuer.mauris@Suspendisse.ca,(586) 565-1340,true,,,,false,true,false,,,true
1593,AIV67LEZ,Rina,Marsh,York,NT,odio@felisDonectempor.edu,(656) 429-8808,true,true,true,false,true,false,false,,,true
1594,XMM48RMS,Julian,Knowles,Mequon,BC,dictum.eu.eleifend@consectetuereuismodest.com,(643) 807-1119,,true,false,false,false,false,true,false,true,
1595,IQZ64CLP,Echo,Michael,Miami,NT,placerat@egestasnuncsed.org,(674) 953-7726,true,,true,true,,,,false,true,
1596,PUZ07NLL,Curran,Patton,Cape Girardeau,AB,dictum.eleifend@torquentperconubia.com,(976) 772-2191,,false,,true,,false,,true,,
1597,KJH91ZGK,Blythe,Cochran,Moreno Valley,NT,egestas.hendrerit@sapien.edu,(550) 589-0320,true,,,,true,,,,,false
1598,WIX98TWX,Cadman,Carey,West Springfield,SK,eros@semperetlacinia.edu,(604) 531-6924,true,,false,false,,,false,,,
1599,OQU00BDU,Abigail,Harding,Coos Bay,PE,placerat.Cras.dictum@loremtristiquealiquet.ca,(752) 935-1595,true,,,,,true,,true,,
1600,BEN21VWI,Gannon,Sandoval,Sturgis,MT,eget@sociis.org,(430) 164-7350,true,,,,,,,false,,
1601,BTW18MOP,Sean,Cameron,New Rochelle,ND,Morbi.quis@Sed.org,(298) 219-7402,true,,,,true,false,false,false,true,
1602,CMI96NVK,Wang,Velasquez,Orlando,MO,libero@egestasnunc.ca,(447) 500-3398,false,false,true,false,false,,true,,,
1603,APC71EUL,Jenette,Poole,Evansville,AB,sed@at.ca,(790) 479-4505,true,false,false,,,,,false,true,
1604,PFH65BQB,Lynn,Nixon,Niagara Falls,NL,In.nec@nibhQuisque.edu,(694) 418-2449,true,false,,false,true,true,,true,true,
1605,YSV30YHK,Jaden,Pennington,Frisco,MO,Nam.ligula@sit.org,(894) 436-1930,,,,false,false,,true,false,,
1606,GHQ76AIV,Addison,Owens,Villa Park,WA,accumsan.interdum.libero@odioEtiam.edu,(205) 663-4079,false,,,,,,,false,,true
1607,XSY42OUT,Mariam,Mcfadden,Reedsport,AK,dui.Cras.pellentesque@NullamnislMaecenas.edu,(263) 285-0069,true,false,,false,,true,,false,true,false
1608,ADV32RXI,Omar,Levine,Edmond,NL,Suspendisse.sed.dolor@nonfeugiat.org,(561) 179-8876,true,true,true,,true,,false,,,
1609,MUE68YRR,Quon,Henson,Florence,IA,Duis.at@ipsumacmi.com,(745) 229-5215,true,,true,,,true,,,false,
1610,MVX99EZO,Hilary,Carey,Bowling Green,YT,at@idmagnaet.com,(248) 879-9869,false,,,false,,true,,,true,
1611,JKY22RFE,Kylynn,Strickland,Clearwater,AK,et@ante.com,(518) 154-4034,,true,true,true,,,,,false,
1612,MNX35LWA,Ishmael,Dodson,Jeffersonville,PE,ornare.lectus@diam.com,(445) 570-6687,true,,,true,,,,false,,true
1613,EYF64XTB,Kirby,Mcpherson,Spokane,MB,fermentum.metus@Donecfeugiatmetus.org,(389) 909-7445,,true,,,,true,,false,,
1614,ELM13OCD,Allen,Lyons,Parma,AB,In@felisDonectempor.org,(994) 735-6792,true,,,true,true,false,true,,false,false
1615,TUG15PSF,Hannah,Osborne,Longview,IN,lacinia.vitae.sodales@etrutrum.ca,(356) 513-4116,false,,true,,,false,,,true,false
1616,QVZ22CRT,Drake,Short,Kettering,IA,erat@quama.com,(880) 881-1907,,,,true,,false,false,,,
1617,WAI98GBZ,Caesar,Benson,Rockville,ON,consectetuer.ipsum.nunc@ridiculusmusProin.com,(182) 362-7332,true,,,,,false,,false,,
1618,ZHN15FLH,Madison,Santana,Logan,NC,ac.turpis.egestas@Nullamlobortis.com,(788) 810-4410,true,true,,true,true,,,,,true
1619,FEN00PCM,Bianca,Erickson,Lahaina,QC,felis.orci.adipiscing@Maurismolestie.edu,(202) 646-6395,true,false,,,false,false,true,,,
1620,TET97DRL,Jackson,Mcpherson,Aguadilla,GA,volutpat@atauctor.edu,(578) 774-0187,,false,,,,true,false,false,,true
1621,IMK12DQF,Eliana,Hogan,Woodward,VT,enim.Nunc.ut@malesuada.com,(232) 993-9262,,true,true,true,,,,true,,false
1622,GTP56NWQ,Paula,Lott,Terre Haute,SK,tellus.Phasellus@erat.org,(647) 443-0078,true,,true,,,false,true,false,,
1623,BVB72OCH,Leila,Santana,Claremore,MB,augue.Sed@cursusetmagna.com,(420) 587-3899,,true,true,,false,true,true,,true,false
1624,ZIJ08FUF,Beatrice,Roman,Canton,MB,et@auctorquistristique.edu,(880) 550-9456,,true,,false,,,true,true,true,false
1625,XRY91LYC,Vernon,Jacobs,Peoria,NL,Sed@nonmagnaNam.com,(436) 611-1198,,true,true,false,false,,true,,false,false
1626,QGO28TMZ,Willa,Guerrero,Seal Beach,LA,justo.eu.arcu@ultrices.org,(870) 946-1434,,,,,false,false,,true,true,false
1627,OWF58QFZ,Ariana,Mathis,Kennesaw,DC,eu.odio.tristique@Morbinonsapien.com,(761) 970-4583,,false,,,false,,true,,true,
1628,ATK16EHE,Myles,Brennan,Liberal,MB,risus.a@euduiCum.edu,(572) 837-2439,false,,,true,,,true,true,,true
1629,WJL01VXJ,Emma,Collins,Haverhill,QC,venenatis@adipiscingelit.com,(108) 763-6635,,,false,false,,true,false,false,,false
1630,BUO94FHD,Sandra,Nixon,Northampton,NB,velit@etarcu.org,(832) 406-2118,true,true,,,,,false,true,true,
1631,IIX57YEY,Branden,Fischer,Sandy Springs,VA,cursus.Integer@semPellentesque.com,(616) 401-8076,,true,,false,false,,,false,true,true
1632,KEU05WFM,Tamekah,Vaughn,Butte,NL,Quisque@cubiliaCurae;.com,(326) 258-0579,,,,false,false,,,true,false,
1633,NJO15CCP,Maisie,Simpson,Marshfield,IA,Duis@fringilla.org,(917) 461-1162,,true,true,,,,,,,true
1634,KLB18SFA,Tallulah,Valenzuela,Dunkirk,WA,vehicula.et.rutrum@dictumPhasellusin.edu,(904) 744-9646,,,,false,,false,false,,,false
1635,XOI33UVF,Jaime,Faulkner,Springfield,NM,nec@iaculis.edu,(430) 712-9937,true,false,,,true,,true,false,,
1636,UYM86QCQ,Kieran,Joseph,Hagerstown,DC,ut@atarcuVestibulum.ca,(742) 791-4340,false,true,true,,false,,,,true,
1637,QCR88PAH,Zane,Hogan,Hattiesburg,SK,lacus.varius.et@erosturpisnon.com,(826) 178-5242,true,true,,true,true,false,,,,
1638,MHX03SZY,Wilma,Hensley,Chico,NU,felis.orci@Aliquamauctorvelit.com,(583) 611-7667,,,,true,,true,false,true,false,true
1639,RDS08WEO,Kelly,Scott,Gastonia,CO,ullamcorper@metusAliquamerat.edu,(250) 945-7330,,false,true,true,true,,true,false,,
1640,IOO35AXH,Imani,Ellis,Glens Falls,NS,dignissim.Maecenas@parturientmontesnascetur.edu,(724) 514-3555,true,false,,false,,false,false,true,false,
1641,KFO97QKC,Clinton,Wong,Morrison,BC,metus.urna@orciquislectus.ca,(883) 353-1203,false,true,true,true,,false,,true,false,
1642,ZHZ35NQQ,Norman,Oneil,Wisconsin Rapids,AK,posuere.enim@dolorsit.org,(673) 602-2875,,,true,,,,true,,false,true
1643,TMP11RKK,Jessamine,Cline,Valdosta,PE,mi@rhoncus.com,(604) 869-9071,true,false,,true,,,false,false,,true
1644,ZET39LHY,Kareem,Bauer,Cedar City,NS,Nunc.ac.sem@ornare.ca,(741) 433-0677,,false,,,,,,,true,false
1645,UJN97XHU,Kiara,Albert,Mason City,PE,Nam@varius.com,(665) 102-1681,,true,,,,false,true,true,false,
1646,UYS39UPC,Hector,Herman,Culver City,PE,nunc.nulla@Etiam.edu,(399) 575-1625,false,,true,true,,,,,,
1647,WQZ80RJG,Hashim,Lyons,Santa Clarita,NL,nec@antedictumcursus.org,(216) 935-9676,,true,false,false,false,false,false,,,true
1648,JBT09DNW,Risa,Duncan,Medford,SK,blandit.viverra@semperet.edu,(237) 429-4133,,false,true,,,false,,,,false
1649,DDU95ZWA,Charles,Cunningham,Gilette,DC,lectus.pede@diamlorem.org,(823) 368-7198,,false,,false,true,,,,false,false
1650,TSO10FAT,Holly,Willis,Morgantown,LA,malesuada.malesuada.Integer@pharetraNam.org,(251) 287-2062,true,,false,true,,,true,false,false,false
1651,VCX92TQN,Patience,Gaines,Scottsdale,IA,morbi@sodales.org,(217) 405-8519,false,true,,false,,true,,false,true,
1652,KHP26SSM,Elmo,Sloan,Jackson,QC,magna.a@pharetranibhAliquam.ca,(266) 881-8976,,,false,true,false,true,true,,,false
1653,QCA29XKU,Shaeleigh,Castillo,Kahului,SK,euismod@odiosagittissemper.org,(755) 632-7425,,,false,,false,,false,,,true
1654,IPD81NCX,Violet,Gordon,La Habra Heights,WV,magna.Praesent@erat.edu,(924) 987-2918,true,,false,false,,,true,,,false
1655,EPN65IKU,Dolan,Mcknight,Newark,LA,quis.diam@Innecorci.org,(160) 556-0281,false,,true,,,,,,true,
1656,HCO26DYR,Germane,Sawyer,San Francisco,NB,arcu.Vestibulum.ante@auctor.ca,(450) 494-7133,,false,true,false,true,,,true,,false
1657,EYQ23OSB,Miriam,Barker,Holyoke,KS,dictum@fringillaDonecfeugiat.edu,(775) 421-0754,,false,,true,true,,false,true,false,true
1658,HQK89PZB,Ferris,Kline,Lawndale,NU,Maecenas.iaculis.aliquet@feugiatnecdiam.edu,(596) 189-9840,false,,false,,,,false,false,false,false
1659,JLA95XYN,Rhoda,Holt,Muskegon,NV,ut.nisi.a@dui.edu,(476) 266-9741,true,false,false,true,,,true,,true,false
1660,SHY33QBJ,Geraldine,Koch,Los Alamitos,AB,penatibus@aliquetlobortis.edu,(984) 853-3228,,false,,true,false,,false,true,,
1661,LEY90MIJ,Nathaniel,Lara,Coos Bay,VA,lorem@ornaretortorat.edu,(705) 269-7330,,true,,true,false,false,,,false,false
1662,RKN25EEJ,Jaquelyn,Landry,Jersey City,AL,luctus.sit@velitCras.com,(229) 443-6490,,true,true,,,true,false,true,,
1663,MJO48BVK,Judah,Robertson,La Canada Flintridge,ON,amet@ac.edu,(376) 961-5526,true,,,false,,false,false,,,
1664,RLN33FOY,Phillip,Robertson,Newport News,KS,quis.massa.Mauris@parturientmontes.org,(802) 195-4999,,true,,false,true,,,false,,false
1665,SMF95CMA,Allen,Johnson,Artesia,GA,purus.Duis@magnaDuisdignissim.ca,(441) 788-4135,false,,false,true,true,false,true,,true,
1666,UTO95MTY,Macaulay,Bonner,Maywood,NE,in.felis.Nulla@egestas.ca,(847) 136-4923,,,false,false,true,,,,,
1667,OVE38NAI,Isadora,Erickson,Olean,OH,tortor.Nunc.commodo@quismassaMauris.edu,(692) 507-9995,true,,false,false,,true,true,,,
1668,HXU44WFK,Robert,Calderon,Weymouth,QC,lacus.Etiam@ametlorem.edu,(117) 873-2173,,false,,false,,,,,,true
1669,ZWT76NDY,Mufutau,Tyson,Gary,MT,non.leo@ipsum.edu,(512) 121-3453,,,false,false,,,false,true,true,
1670,URW07DFB,Latifah,Rivers,Hidden Hills,WA,et.malesuada.fames@tinciduntorciquis.com,(924) 126-6222,,,false,true,,,,,,true
1671,EQA56HFI,Kelsie,Hogan,Montpelier,KS,Proin@erosProinultrices.edu,(175) 208-2991,true,,true,false,,true,true,false,false,
1672,BIE65FLT,Clayton,Hays,Ventura,SK,et@nibh.ca,(444) 929-8749,,false,,false,,,false,true,false,
1673,HKD73LRG,Coby,Carver,Clemson,MB,Donec.feugiat@tinciduntnequevitae.com,(809) 252-7381,,,false,,false,,true,,,false
1674,QHN55BVH,Hermione,Navarro,La Mirada,GA,volutpat.Nulla@metus.ca,(102) 158-1384,false,,true,true,,,,,false,
1675,COI36YEV,Demetrius,Beard,Del Rio,BC,montes@ultricesmaurisipsum.com,(276) 317-4436,true,false,,,,,,false,,
1676,IKB96DRE,Kylie,Barnes,Salisbury,NS,Nam.ac.nulla@Loremipsum.org,(888) 101-7368,true,,false,false,true,true,false,false,,false
1677,XMX75YXI,Fulton,Larsen,Clarksburg,YT,vehicula.aliquet.libero@tristiqueneque.org,(352) 113-6238,false,false,,false,,true,,,true,
1678,JNR55VXE,Ashely,Ferguson,Bakersfield,OH,sapien.Nunc@aclibero.com,(869) 704-1809,,,true,,false,false,,false,,false
1679,DKC01DOH,Winter,Manning,Flagstaff,OR,orci.quis@semPellentesque.com,(310) 467-1889,,,,true,false,false,true,,,false
1680,XBG94WQP,Nevada,Lopez,Monrovia,WA,Maecenas.malesuada.fringilla@antedictummi.ca,(625) 971-9945,false,,false,,,,,,,false
1681,WON44HOK,Denton,Wheeler,Williamsburg,YT,sem.ut.cursus@utmiDuis.org,(870) 414-8277,,true,false,,true,,false,false,false,true
1682,VSQ80VGY,Bertha,Barry,Paducah,NL,vulputate@varius.org,(807) 469-2773,true,,,,,,,,false,false
1683,WKC67UOB,Kiara,Garrison,Kalamazoo,WV,ante.ipsum@odioauctorvitae.com,(935) 330-7779,,true,false,,,,false,,true,
1684,WGF35QLH,Gail,Cardenas,Falls Church,ON,Donec.vitae@Duisa.com,(635) 128-3878,,false,false,true,false,true,false,true,false,
1685,SYY29FDH,Anjolie,Warner,Corona,NM,ridiculus.mus@dapibus.edu,(779) 524-0924,,,false,,false,,false,,true,false
1686,SKC68JBY,Echo,Fernandez,Hidden Hills,DE,hendrerit.a@Cumsociisnatoque.ca,(600) 162-2119,false,false,false,,,,,true,,false
1687,RNB76SAW,Steven,Carrillo,San Mateo,PE,Cras.lorem.lorem@Nuncpulvinararcu.edu,(904) 641-3450,,true,false,false,,,,,false,
1688,SJY19KJH,Shana,Stewart,Garland,NB,vestibulum@Nullasemper.com,(924) 542-7111,true,true,false,false,,,false,true,true,
1689,XXP33CPC,Deirdre,Patterson,Enid,QC,lacinia.at.iaculis@justo.ca,(671) 826-5821,true,,,,false,true,false,,,true
1690,AKN22VVU,Maryam,Blake,West Covina,NS,hendrerit@faucibuslectus.com,(468) 112-4835,false,false,true,,false,,,,false,false
1691,QXX50BVN,Shoshana,Crane,Attleboro,KS,elit.pharetra@temporlorem.com,(994) 600-9193,false,true,,false,,,,true,,
1692,FBZ66AUQ,Charlotte,Price,Waycross,WV,tincidunt.aliquam@sapiengravida.com,(712) 228-0998,,,true,true,false,,,,,false
1693,PJM85TSQ,Penelope,Merritt,Lockport,MO,quis.tristique.ac@vitaediam.com,(913) 252-4767,,,,,false,true,true,,false,
1694,SIT05GIZ,Allegra,Whitaker,Rolling Hills Estates,NS,purus@bibendumfermentum.org,(466) 925-0335,true,,false,true,true,true,,true,false,false
1695,THB42GZI,Kyle,Garrison,South Gate,NL,ac.sem@malesuadaid.ca,(167) 792-3493,,,,true,false,,,,false,true
1696,XTM64MXU,Wylie,Serrano,Chula Vista,NL,vel@ullamcorpereueuismod.edu,(411) 325-4444,,,false,,false,,,true,false,
1697,IVT41BBN,Kameko,Kline,Woburn,ON,justo.Proin@venenatisa.ca,(381) 117-9732,,false,false,,,,true,,,
1698,YQZ06ETQ,Tobias,Blair,Temecula,BC,eget@ametdiam.com,(685) 354-7477,true,false,true,,true,true,true,false,,false
1699,PHF15TQI,Damon,Grimes,Brea,FL,purus.accumsan@egetmagna.ca,(248) 708-3185,false,,,false,false,,,true,false,true
1700,LRA24BCS,David,Wilkins,Durham,AB,malesuada@egetmollislectus.org,(690) 904-4949,false,,,false,false,,false,true,false,false
1701,EIK22LSS,Ignacia,Carver,Oxford,YT,mauris@blanditNamnulla.com,(626) 480-2867,false,true,false,,true,,false,,false,
1702,TZS43ONP,Hiroko,Davidson,Grand Island,YT,ipsum.dolor.sit@lobortisquis.edu,(484) 438-6941,,false,false,false,false,false,true,,,
1703,NSE91NVV,Jorden,Garner,Vergennes,IA,Lorem@ipsum.edu,(908) 164-5480,false,true,,true,,,,false,,
1704,EHJ03ZOW,Ivory,Holcomb,Stevens Point,NB,eget.metus.In@eleifendCrassed.edu,(284) 827-8427,true,false,true,,false,,,false,,
1705,TNQ23WZF,Faith,Copeland,West Covina,PA,ridiculus@vehiculaaliquetlibero.org,(468) 464-9176,,,,,true,,false,false,,
1706,SPN59EAX,Dillon,Rosa,Morgantown,PE,Aenean.egestas@Integeraliquam.org,(358) 102-6478,true,false,,,,true,false,,true,
1707,HQN17OKI,Zoe,Cherry,Canton,SD,odio.auctor.vitae@ataugueid.com,(938) 801-1708,,,false,false,true,,true,true,true,
1708,ZKF82FZL,Abbot,Blanchard,Gallup,MB,Cras.dolor.dolor@convallisantelectus.org,(528) 425-1828,,true,,true,false,true,true,false,false,false
1709,FNL09RPB,Kelsie,Stanley,Texas City,AK,neque.Nullam@orciadipiscing.ca,(985) 753-5600,false,,false,,false,true,,true,,
1710,CCL68ZZJ,May,Wyatt,Hidden Hills,FL,et.netus@nonantebibendum.edu,(670) 387-0591,true,,,false,true,true,,,true,false
1711,BKX17SWT,Emily,Rush,Tok,YT,nunc.risus.varius@necdiamDuis.com,(821) 650-6554,,true,true,,,false,,false,,
1712,OXX65MTE,Zachary,Gray,Olean,NB,vel.lectus.Cum@nislarcuiaculis.edu,(346) 642-3654,false,true,,,,true,,false,true,
1713,NJL10YJI,Kerry,Walton,Rochester,DE,mollis.vitae.posuere@dolorDonec.ca,(843) 642-4690,true,false,,,,false,,,,
1714,GFR68EVI,Simone,Riggs,Georgetown,OK,Proin.eget.odio@vulputatevelit.com,(723) 744-9353,true,true,,true,,,,false,true,true
1715,COU42FWF,Lenore,Harrell,Manitowoc,NB,enim@pharetraut.edu,(405) 345-8634,true,false,false,,true,,,,,true
1716,AZZ52KDC,Ashely,Hopkins,Minnetonka,NU,dolor.Fusce.feugiat@orci.ca,(163) 371-7016,false,true,,true,,true,,,false,false
1717,YXR32LMY,Jack,Murray,Michigan City,AB,mattis.velit@lectusquis.com,(730) 582-5416,,false,true,,,false,true,false,,
1718,GGD27YOI,Harlan,Patel,Wisconsin Dells,UT,quis.urna.Nunc@Vestibulumante.edu,(957) 145-8586,,false,false,true,false,,,,false,
1719,CIJ83VIG,Fuller,Contreras,Ventura,TX,parturient.montes@magna.com,(994) 422-7188,true,true,,,,,,,,
1720,DFR66XWJ,Zeus,Olsen,Dalton,NS,est.Mauris@elitpretiumet.edu,(904) 239-3611,true,,true,false,false,,,true,,
1721,JJX85HUX,Ursula,Tanner,Ada,SK,massa@lectus.org,(801) 240-9030,,,,,false,,,true,,false
1722,RKJ86WYN,Theodore,Giles,Moline,NM,eu@Sed.com,(286) 109-7637,,,,,,true,,,,true
1723,FUS99UXR,Hillary,Frank,Healdsburg,WI,tincidunt@arcu.ca,(237) 779-8038,false,,true,,false,,,,,
1724,ELY91RXB,Ralph,Cox,Sun Valley,MD,Aliquam.ornare.libero@Aeneangravidanunc.ca,(830) 987-1083,,true,,false,,true,false,true,,true
1725,GKY33TCO,Portia,Vaughn,Waycross,AB,Ut.semper.pretium@tinciduntorciquis.ca,(456) 938-9012,true,,true,,false,,false,,true,
1726,QVZ27HDS,Germaine,Farmer,West Jordan,AB,hendrerit@Integer.ca,(250) 951-1090,,false,,,,,false,,,
1727,VPH85WZT,Teegan,Wright,San Bernardino,NT,mauris.a.nunc@Nullamvitae.org,(555) 835-1470,false,true,true,,true,true,true,,true,false
1728,LAY98FOA,Oleg,Gardner,Belpre,SC,dictum@odiotristique.edu,(427) 186-2021,true,true,true,,,false,false,,,
1729,ZMY75VJU,Ryder,Morgan,Valencia,NL,lacus.pede.sagittis@dignissim.org,(271) 633-8766,false,false,,false,true,false,false,false,,
1730,EKK30SQX,Jin,Franklin,Nanticoke,NL,augue.scelerisque.mollis@DonectinciduntDonec.edu,(541) 815-5371,false,,true,true,,true,,,,
1731,MXJ67MEJ,Renee,Wagner,Lock Haven,KS,vulputate@sodalesMauris.org,(606) 249-4217,false,,,,,true,,,,
1732,ABJ62WQQ,Barclay,Rich,Garland,RI,Nam@Phaselluselit.ca,(436) 456-6570,false,,true,,,,,true,true,
1733,YMM68AFM,Kimberley,Zamora,Littleton,DE,lorem.fringilla@ligula.edu,(565) 687-4523,false,,true,true,,,true,,,false
1734,AFW57RHF,Catherine,Kramer,Murfreesboro,VT,ultrices.posuere.cubilia@InloremDonec.org,(129) 328-5634,,true,,,,,,false,false,true
1735,ABZ92FWV,Tanya,Cox,Fullerton,PA,nulla.at.sem@necmalesuadaut.edu,(274) 184-7932,false,,,,,,,,,
1736,LJF93CJD,Aristotle,Prince,Grand Forks,TN,tincidunt@variusNamporttitor.edu,(954) 298-2214,,true,true,,,,false,false,,
1737,YYA31AGK,Dorian,Head,Turlock,AZ,laoreet.ipsum@estNuncullamcorper.ca,(908) 978-7904,,,true,,,false,,,,true
1738,FYT08MYO,Indira,Whitehead,Alpharetta,NT,adipiscing.elit@at.org,(203) 648-0784,true,true,,,false,,,,,true
1739,PWR94DVO,Sybill,Pitts,Weymouth,KY,ultrices@blandit.org,(878) 585-5375,,,,,true,,true,,true,true
1740,JPL20IUP,Mercedes,Lawson,Clovis,ON,Vivamus.nibh@auctorvitae.edu,(592) 279-2280,,,true,false,,true,,true,,
1741,YWC10XBH,Chantale,Sweet,Glens Falls,ME,semper.et.lacinia@gravidamolestie.org,(885) 731-6144,true,,true,,true,false,,true,false,
1742,VZF37NPK,Merritt,Zimmerman,Santa Fe Springs,MB,et.lacinia@dolorFuscefeugiat.ca,(377) 777-5567,true,true,,,true,,true,,,false
1743,NUV35OCD,Bree,Phillips,Watertown,OK,nunc.id@vehicularisus.org,(289) 755-9464,true,true,false,,,,,true,true,
1744,IQP33DWH,Kiona,Kirby,Ruston,IL,fames@tellus.ca,(492) 523-3201,true,,,false,false,,true,,false,false
1745,GBD56LWZ,Melodie,Thompson,Bowie,NM,sollicitudin.commodo.ipsum@Fuscemi.com,(954) 139-5967,true,,,,,,,true,,
1746,GEI62RPT,Leila,Ellis,Malibu,CT,luctus.ipsum.leo@Curabitur.org,(407) 732-6144,,true,false,false,,false,,,true,true
1747,EBP87YCJ,Britanni,Mcdonald,Sierra Vista,TX,Suspendisse@magnaLoremipsum.org,(934) 333-6902,true,,,,,,true,false,false,
1748,WDX33HSB,Dustin,Richmond,Elsmere,LA,Vestibulum.ut@odiosempercursus.org,(390) 357-0853,,,,false,,true,true,,,
1749,QTC60SLC,Kellie,Ballard,Huntsville,DC,ac.ipsum.Phasellus@vel.org,(370) 365-6175,true,,,,,,true,false,,
1750,GUL30BYS,Carter,Montgomery,Elko,PE,egestas@ipsumDonec.com,(775) 153-6973,,false,true,,true,,,,true,
1751,VTW38KRK,Flynn,Holland,Rolling Hills,PE,In.scelerisque.scelerisque@non.org,(107) 525-5931,,true,,true,true,,true,,true,
1752,QLX39EYO,Callie,Fox,Norwich,SD,eu.odio.Phasellus@enimnectempus.ca,(840) 218-4253,false,,,,,true,,,true,false
1753,OLQ56VLA,Blossom,Zimmerman,Hidden Hills,PE,pretium.neque.Morbi@nonummyultriciesornare.edu,(238) 856-2338,,,,,,,,true,true,false
1754,UVU66KHW,Rachel,Moss,Portland,QC,Integer@vitae.com,(644) 193-9895,,,,true,,,false,,,true
1755,WMH35FRO,Alyssa,Mullins,Broken Arrow,NU,lorem.luctus.ut@elitelit.ca,(762) 613-6781,true,,false,false,,,,true,false,
1756,WXA04DLD,Vera,English,Fort Smith,NU,et.commodo@liberonecligula.edu,(752) 490-1761,false,,,,false,,true,false,,true
1757,SNJ09IBD,Aspen,Prince,Glen Cove,AB,adipiscing.lacus.Ut@mollisvitae.com,(175) 853-5671,,true,true,false,false,,,true,,
1758,WFG40UTO,Henry,Luna,Port St. Lucie,CT,et.netus.et@sapiencursus.com,(456) 190-6631,true,,,,,,,true,true,
1759,GUA98YZM,Lane,Franklin,Orem,FL,ornare.facilisis@dui.edu,(405) 136-9248,true,,false,,,,,false,,
1760,CQW67GIS,Kerry,Salas,Muskegon,OK,non.lacinia@ProinmiAliquam.com,(979) 327-8407,true,false,false,,true,,,,,
1761,LZB32HCD,Octavia,Bryant,Stockton,VT,Nullam.enim.Sed@Suspendisse.com,(178) 615-9389,,,,false,true,,true,false,,false
1762,WOD72IGE,Mikayla,Barnes,Camden,CO,ante.ipsum@et.org,(277) 243-0774,,,,,,,,,true,
1763,HLP05AKQ,Priscilla,Clark,Cairo,AB,eros.non.enim@neceuismod.edu,(724) 157-5541,false,,true,true,false,false,true,,true,
1764,CGV53KGW,Unity,Park,Aliquippa,ON,nunc.In.at@justoProinnon.org,(803) 959-3553,,,true,false,,,true,false,true,false
1765,IWL68BQE,Malik,Cox,Long Beach,ME,Vivamus@interdumfeugiatSed.org,(130) 980-7984,false,true,false,true,,,,false,,
1766,SEH71ETX,Arthur,Mckinney,Fresno,YT,consectetuer.cursus.et@Morbimetus.com,(517) 748-3602,false,false,,,,false,,false,,true
1767,WIT60FMJ,Tanner,Mann,Natchez,NH,Nullam.scelerisque.neque@ipsum.com,(788) 712-7552,,,true,false,,true,true,,,false
1768,MGA20DPT,Mufutau,Britt,Waycross,AB,Nunc.sed.orci@cursusetmagna.edu,(970) 746-0702,,true,,false,false,,,false,true,
1769,AZF06RRR,Indigo,Olsen,Tempe,UT,odio@pedeet.com,(224) 845-7856,false,true,,,,,,true,,
1770,LIM91ZNW,Rebecca,Alston,Lufkin,ON,In.faucibus@egetmollislectus.edu,(305) 306-2602,false,false,true,,,false,false,,false,true
1771,RZN23OWP,Chantale,Trujillo,Superior,GA,interdum@pharetra.ca,(443) 605-7912,true,true,,true,,true,,,,
1772,YRU22WVB,Raymond,Wiggins,Gastonia,NT,augue@nonummyac.org,(545) 484-5847,,true,true,,false,,,,false,
1773,VQC30YVR,Remedios,Everett,Huntsville,SK,ornare.placerat.orci@erat.edu,(883) 530-8071,,true,,false,,,false,,false,
1774,GXL64URI,Shana,Horn,Kalispell,AB,ornare.facilisis.eget@risusat.ca,(739) 131-5496,true,false,false,true,,true,true,,true,false
1775,NIT43CPX,Kathleen,Livingston,Little Rock,AB,erat.semper@tinciduntadipiscingMauris.ca,(944) 601-0068,false,,true,,,,true,,false,false
1776,WXS25UKO,Russell,Bond,Gu nica,DC,purus.accumsan@Sednec.ca,(994) 879-8888,false,true,false,,,,,true,,
1777,PBB09UZT,Louis,Silva,Norton,NL,sit.amet.consectetuer@rutrumFusce.com,(867) 376-9496,false,,,true,,false,true,,true,true
1778,FPM09FRX,Lois,Morris,Methuen,ND,sem.mollis.dui@ligula.org,(362) 460-4083,true,false,,,,true,false,true,false,false
1779,AZZ23QGV,Mason,Bender,Cedar Falls,NC,diam.Proin.dolor@quam.edu,(429) 290-7590,,,,true,false,true,,,true,
1780,BRA08ZCP,Katell,Berg,Niagara Falls,KY,aliquet.metus.urna@Donecsollicitudinadipiscing.org,(461) 911-2382,true,,false,,,,,false,false,
1781,YMS04WER,Charissa,Barr,Syracuse,QC,Sed@tinciduntneque.edu,(822) 271-9883,true,,false,false,false,true,,,true,false
1782,URI08AHW,Seth,Charles,Easton,CA,euismod@acturpisegestas.edu,(538) 263-4101,,true,,false,,,true,false,,
1783,KTF28WPH,Abel,Moore,Irvine,AB,ut.cursus.luctus@tincidunt.org,(678) 148-5687,true,,false,true,,true,,,true,true
1784,DMO94ZUZ,Martin,Montoya,Rawlins,ME,ullamcorper@a.edu,(360) 989-3449,,,false,,false,false,,true,,
1785,JOS45PIY,Aquila,Saunders,Sunbury,DC,quam@PraesentluctusCurabitur.ca,(784) 285-9881,,true,true,,,,true,,false,true
1786,GOK77HGS,Ayanna,Buckner,Springdale,BC,lacinia.Sed.congue@utaliquam.edu,(683) 781-0613,true,false,,false,false,,,true,,
1787,NSZ84UZL,Jolie,Brown,Saginaw,YT,elit@loremutaliquam.edu,(335) 960-6321,,false,,false,true,true,true,,false,true
1788,JBV99MZQ,Savannah,Ellis,Seaford,NY,gravida.mauris@ornare.edu,(797) 463-7700,true,,,true,,true,,,,false
1789,GID96UIM,Kuame,Griffin,Little Rock,VA,arcu.Nunc.mauris@euismod.edu,(558) 167-2204,false,false,,false,,false,true,,true,
1790,SOO56FGX,Jack,Frazier,Gilbert,NL,Proin.mi@nequeInornare.edu,(788) 277-4530,false,false,false,false,,true,true,,false,true
1791,MLW35PBA,Brooke,Hayes,Anderson,OR,faucibus.id.libero@magnisdisparturient.ca,(513) 312-6179,true,,true,false,true,,false,true,true,false
1792,JBM73PZZ,Nyssa,Randall,Weymouth,NU,cursus.non.egestas@in.com,(256) 446-3140,true,,,,,true,,,false,true
1793,TXH42UCR,Tucker,Mathews,Oxnard,ON,a.tortor@et.org,(372) 283-4439,,false,,,,,true,,,true
1794,KGQ63MAV,Teagan,Hanson,Pullman,BC,fringilla@maurissapien.ca,(769) 536-6184,,false,,true,,true,,,,
1795,CWH03QUY,Ria,Nicholson,Hollywood,SK,placerat@utmiDuis.org,(344) 272-4336,true,false,,true,true,false,,false,false,
1796,BII44BSX,Honorato,Baird,Mandan,YT,Vestibulum.ante@Cras.edu,(687) 793-3228,,true,,,,false,true,,,false
1797,JJD11BOO,Fleur,Schmidt,Green River,ON,sem.eget@seddolor.ca,(558) 516-5987,false,,,,true,true,,false,false,false
1798,YKW79ZLM,Veda,Golden,Egg Harbor,PE,interdum.Nunc.sollicitudin@cursusaenim.com,(691) 315-8538,,true,,false,,,false,true,true,false
1799,GEC34HXG,Stella,Edwards,Brunswick,VA,ut@veliteget.ca,(522) 873-8637,,false,false,true,,true,,,,false
1800,REM90FJX,Stone,Peterson,Natchitoches,DC,quis.urna@dapibusidblandit.org,(262) 682-0058,true,true,,,true,,true,false,,true
1801,BCI27FOU,Elaine,Bird,Norton,AB,eu.eros.Nam@ProinmiAliquam.org,(689) 334-0465,,true,true,,,,false,,,false
1802,BGZ04JNO,Ryder,Chase,Boise,MS,fringilla.Donec.feugiat@egestasa.ca,(901) 472-7641,,,,,true,true,true,,true,true
1803,NWV62PXA,Dylan,Garrett,Corpus Christi,NU,natoque@dolorDonecfringilla.edu,(568) 437-8743,false,false,,true,,true,false,false,true,
1804,CNK99TSS,Jasper,Christensen,Biddeford,ME,pellentesque.a@Sedid.edu,(990) 795-3312,,,,true,true,,true,true,,
1805,BZI06GOZ,Kylee,Nash,Dothan,MS,orci.Ut.semper@cursusetmagna.org,(801) 166-5275,,false,,true,,,,,false,true
1806,TOQ95IQE,Lacey,Hardin,Pueblo,SK,Integer@nullaatsem.org,(217) 139-4184,false,,,false,false,false,true,false,false,
1807,BJH84RSV,Seth,Mccoy,Frankfort,WY,Nunc@ultricesiaculisodio.com,(423) 611-2317,false,true,true,,,,,false,true,true
1808,HCE66HUX,Lewis,Tate,Myrtle Beach,BC,magnis.dis.parturient@lectuspedeultrices.ca,(249) 996-8957,false,,true,,,,true,,false,
1809,BHI92HQD,Darrel,Carr,Steubenville,NH,eu.eleifend@malesuadafames.edu,(145) 431-8660,true,,false,,true,,,,true,true
1810,QWJ12THC,Gray,Vinson,Bossier City,MB,natoque@Aenean.com,(818) 751-0806,false,,,false,true,true,,,false,
1811,YGU89KZZ,Elmo,Blake,Odessa,CT,Duis.dignissim.tempor@Proinsed.org,(252) 859-9794,,,,,,,false,,true,
1812,RMU93IXH,Bernard,Schroeder,Peabody,NB,ante.blandit@fermentum.com,(423) 624-0119,,true,,,true,false,,false,false,true
1813,SXV15BOO,Coby,Riley,Maywood,ON,eleifend.non@acfeugiatnon.edu,(359) 678-3047,false,,true,,,,,,true,
1814,WMZ71URM,Shannon,Carr,Columbia,GA,Sed.eu.eros@imperdiet.edu,(352) 271-3060,,true,,true,,true,false,false,,
1815,YPR27LJE,Kamal,Atkinson,Dearborn,PE,pharetra.nibh@Pellentesquetincidunttempus.edu,(359) 811-5223,false,,,false,false,true,,,,
1816,OQA44DQX,Grant,Stafford,Florence,GA,lorem@vulputate.org,(106) 933-0754,,true,,,,true,,,,
1817,DFJ71REF,Jameson,Powers,North Adams,OK,condimentum.Donec@montes.ca,(263) 197-2916,,false,true,true,true,false,,,true,
1818,UFC12BXN,Anika,Best,Cohoes,NH,dictum.eleifend@turpisegestas.ca,(389) 725-9259,,false,,false,false,,,,true,false
1819,UFV79BIY,Darryl,Sexton,Sierra Vista,TN,enim.Curabitur.massa@quisarcu.edu,(292) 946-3861,true,true,,true,,true,false,false,,true
1820,SUY97KQC,Denise,Duffy,Fort Lauderdale,AB,Nullam@tortor.ca,(286) 168-7813,false,,,,false,true,,true,false,true
1821,BXR69HPR,Carla,Patel,Baton Rouge,ON,dolor.sit.amet@imperdiet.edu,(818) 855-6238,,true,true,false,,,true,true,false,true
1822,QWX46LAJ,Naomi,Giles,Cypress,PE,leo.elementum.sem@cursusetmagna.edu,(913) 872-5509,true,false,false,,,false,true,true,,
1823,FKZ52TTT,Eve,Rogers,Port Huron,QC,amet@eudolor.com,(562) 927-8008,true,,true,,,false,true,true,false,
1824,MXV78CNT,Buckminster,Lynn,Nevada City,MI,enim.condimentum@dui.ca,(769) 836-6267,true,,true,,,true,true,,,true
1825,RLP52XHX,Cassandra,Vang,Newark,PA,vel.arcu@laciniaSedcongue.edu,(281) 267-5092,true,false,,false,false,,,,true,false
1826,DTG38XBK,Yvette,Wolf,Northampton,SD,Fusce@Integer.org,(900) 603-0999,false,,false,,true,,,,,true
1827,CUW14YKM,Theodore,Graves,Laurel,ND,lobortis.Class.aptent@nec.ca,(652) 284-4689,true,,false,false,false,,true,false,true,
1828,PCG81CIQ,Quemby,Callahan,Nacogdoches,SD,sodales.at.velit@molestietellusAenean.ca,(472) 350-8977,,,false,true,false,true,true,,true,
1829,QSW89JYW,Elliott,Pittman,Muncie,DC,metus@elit.org,(602) 391-7575,true,,true,false,false,,false,true,,
1830,KRD69DVQ,Melodie,Molina,Charleston,NS,Class@malesuada.com,(307) 908-7914,false,true,,false,,,,true,true,false
1831,FEJ01KXW,Ferdinand,Baker,Hazleton,NB,Cum.sociis.natoque@estacmattis.ca,(370) 407-9747,true,true,,true,true,true,,,,
1832,PQI69JKX,Bertha,Sosa,North Adams,ND,Integer.vulputate@montesnascetur.com,(533) 455-4061,,true,false,false,true,,,,,true
1833,RCH04VPZ,Sarah,Fox,Belleville,NM,faucibus@Donec.edu,(993) 641-9461,,false,true,true,,true,true,,true,false
1834,VRY12JJD,Simon,Zimmerman,El Paso,AB,luctus@ideratEtiam.com,(378) 156-4059,true,false,true,true,,false,,false,,
1835,TIV63IIU,Helen,Sykes,San Antonio,MS,Etiam.vestibulum@ligulaconsectetuer.ca,(817) 234-0455,,,,,,,false,false,true,false
1836,PTN28VUY,Ebony,Fuentes,La Habra,WA,risus.Morbi@egestasAliquamfringilla.edu,(982) 175-7054,,true,,false,,,,,true,true
1837,TMQ05IPI,Idola,Cameron,Redondo Beach,AL,dignissim@ante.org,(150) 563-7414,,,false,,false,,,true,false,true
1838,XAL94CGH,Lionel,Holcomb,Rancho Santa Margarita,KY,Proin@Cras.org,(169) 986-9862,true,,false,,,true,,,,
1839,SLK63HJH,Bernard,Alvarez,McKeesport,NE,eu.nibh@semsempererat.org,(243) 976-0010,,true,,,true,true,,,,false
1840,NTM86GMT,Deborah,Mclean,Sault Ste. Marie,MI,sit.amet@ultricies.edu,(848) 653-0449,,,false,,false,,,true,false,true
1841,RMB51QVC,Arden,Drake,Anchorage,BC,Ut.tincidunt.orci@placeratvelitQuisque.org,(561) 972-7392,true,false,false,false,,,false,,,true
1842,OLH63AYB,Graham,Sullivan,Fayetteville,NL,lacus.Ut.nec@dapibusligula.edu,(905) 479-6824,true,false,,false,true,false,true,false,true,false
1843,DRD60WPR,Ramona,Rollins,Boise,NU,pharetra.felis.eget@egestasligulaNullam.edu,(305) 794-5114,false,true,,false,false,,,,,
1844,BJW60VBP,Whilemina,Dorsey,Ada,MT,lectus.ante@ipsumdolorsit.edu,(532) 279-3144,,,,true,,false,,true,,false
1845,CCM31EIO,Gillian,Randolph,West Hollywood,ON,enim@Vivamusnibh.edu,(711) 148-0208,false,true,false,,true,,true,,,false
1846,UFG83STI,Valentine,Roth,Dover,PE,eget.magna@idlibero.org,(327) 685-1867,,,false,true,,true,,true,true,
1847,CKT70OIE,Hadassah,Adkins,Twin Falls,ON,vel@elementumategestas.com,(920) 863-7223,,,false,false,false,,,,,
1848,MDQ50HWU,Kennedy,Campbell,Charleston,VA,sed.dui.Fusce@ipsumdolorsit.org,(490) 992-2362,false,true,false,true,,false,true,,,
1849,GMB34ZPR,Hadassah,Daugherty,Winston-Salem,IN,consectetuer.adipiscing.elit@sagittis.ca,(204) 570-6033,,true,true,,true,true,true,,false,
1850,AQD50WNT,Sloane,Sparks,Broken Arrow,KY,Phasellus.nulla@Aeneanegetmagna.com,(232) 911-9570,,,true,true,,true,true,,,
1851,NGH82KYF,William,Pace,Delta Junction,YT,nibh.sit.amet@temporbibendumDonec.com,(899) 765-0081,,false,,false,,,false,false,,false
1852,KVM35DYO,Britanni,Riddle,Plano,MB,augue.malesuada@adipiscingelitAliquam.ca,(363) 467-0881,false,true,true,,true,,,,true,true
1853,QYK03AUJ,Shafira,Miles,Layton,ON,vel@etrutrumeu.org,(726) 379-3660,,false,true,true,true,false,,,true,
1854,MDI14CCV,Oleg,Ortega,Sturgis,AL,est@at.com,(880) 122-1779,,,,false,true,false,,,,
1855,NCB50JTF,Burke,Lawson,Cedarburg,KS,Nunc.laoreet@vel.org,(875) 315-6187,,,,false,true,false,true,,,true
1856,LOO98SNL,Ruth,Gomez,Clearwater,MB,ornare.sagittis@dictum.ca,(795) 884-1299,true,,,,true,false,true,false,false,true
1857,CHT60OEG,Rosalyn,Carney,Dubuque,UT,sem@ridiculus.edu,(929) 319-9550,,,,,,,false,,,true
1858,JQF39KFW,Thor,Robertson,Weirton,YT,rhoncus@quis.ca,(133) 335-3896,true,,,,true,,false,,true,
1859,PEU95CLX,Zachery,Hawkins,Marshfield,KS,Fusce.aliquam.enim@SuspendissesagittisNullam.edu,(464) 758-1658,true,,false,,false,false,false,,,
1860,ZQN43CHM,Owen,Sloan,Gettysburg,TN,ullamcorper.Duis@sit.org,(813) 197-5385,true,,,false,,false,,false,false,
1861,ZCS31RDR,Abigail,Waters,Claremont,NH,vel.pede.blandit@etmagnis.ca,(739) 764-6721,true,,false,,true,,,,true,
1862,WZH87YIK,Ora,May,McAlester,MI,nec.urna.et@consectetuer.edu,(784) 492-4693,true,,,false,,false,true,,,
1863,RDE14CLY,Nichole,Haley,Frankfort,ID,malesuada.augue@imperdietnecleo.org,(193) 158-5729,,false,true,true,,true,false,false,false,
1864,VGL13ZCX,Montana,Gallagher,Thomasville,VT,nascetur.ridiculus.mus@lobortistellus.org,(720) 411-3567,false,true,true,,false,,,,true,
1865,EVU22XLQ,Jeremy,Cannon,Green Bay,KS,euismod@diamvel.org,(468) 578-5382,,,,false,,false,true,false,true,
1866,CNA90TVR,Brennan,Pacheco,Torrington,NU,sed.dictum.eleifend@euultricessit.org,(172) 430-9804,false,false,,false,,,,,true,
1867,END48MNV,Fallon,Mann,El Monte,AL,sit.amet.risus@ullamcorper.org,(651) 660-7093,,false,,true,,,false,,,
1868,HQA41QMY,Nasim,Hayden,Durant,OH,ante@Aliquamultricesiaculis.edu,(272) 277-2597,false,,,,false,false,true,,,
1869,FFZ44TDQ,Eaton,Blanchard,Iowa City,SK,vulputate@molestietellusAenean.edu,(887) 246-2784,false,false,,,,,true,true,true,false
1870,SVH40SEH,Ivory,Alexander,Port Huron,NB,eu@etultrices.ca,(688) 837-6373,,,true,,false,true,,false,,true
1871,RKU52DJW,Ivana,Carrillo,Dover,PE,neque.tellus.imperdiet@eratvolutpatNulla.edu,(629) 439-2810,false,false,false,,false,true,,,,true
1872,MGD46OJW,Gwendolyn,Leblanc,West Memphis,ND,dui@volutpat.org,(742) 585-7550,,,true,,,,false,,false,true
1873,WKH19EQT,Paul,Carey,Rye,YT,semper.cursus@Ut.edu,(446) 340-7058,false,false,true,,,true,true,,false,
1874,IOW97HBM,Hamilton,Monroe,Fajardo,AZ,Proin.dolor@idblanditat.org,(242) 718-8070,,,,,,false,,,,true
1875,LCE78HNS,Fredericka,English,Princeton,NS,odio@vestibulumlorem.ca,(864) 883-8056,false,,,true,,,,,false,false
1876,HQA74WDG,Stephen,Orr,Two Rivers,QC,purus.Duis.elementum@laciniaSedcongue.edu,(232) 768-7062,false,true,,true,,false,,,,false
1877,UBO08FWQ,Desirae,Joseph,Vergennes,BC,in.hendrerit@auguemalesuadamalesuada.org,(373) 489-4840,true,true,,false,false,false,,true,,false
1878,WUT11NDQ,Imogene,Mack,Palo Alto,FL,scelerisque@nonquam.ca,(224) 452-1274,true,,,true,false,,,,true,true
1879,NCV94IGO,Lionel,Watts,Yakima,NT,non@egestasAliquamfringilla.edu,(425) 532-9996,true,,,,,,true,,false,
1880,HKA89JBW,Ezekiel,Bates,Los Angeles,NC,cursus@sapienCrasdolor.ca,(362) 750-7898,true,,false,,,,true,false,true,
1881,UMC01REW,Karen,Castillo,Rock Island,VT,consectetuer.mauris@eutemporerat.org,(191) 348-0769,false,false,,true,false,,,,,
1882,KDE53QJK,Harlan,Ayala,Hagerstown,NB,urna.Nullam.lobortis@Nullatemporaugue.edu,(956) 174-1788,false,,,,,,,,,
1883,ZEZ62SAK,Jordan,Solis,Coos Bay,NL,odio.Phasellus@magna.edu,(452) 678-0007,,false,,false,,false,,,,false
1884,JJT60NNB,Leandra,Mack,San Juan,AL,vitae@malesuadaiderat.org,(212) 432-5168,,,true,,,true,,true,false,true
1885,BVY22INT,Ishmael,Carpenter,New Madrid,VA,orci.adipiscing.non@quistristiqueac.com,(281) 216-1945,false,false,,true,,,true,,,true
1886,LTR58VEZ,Raphael,Miles,Memphis,NL,sem.ut.cursus@Vivamus.org,(567) 162-5464,,true,,true,true,false,,,false,
1887,AXY79QBM,Bertha,Pratt,Victoria,ID,augue@pede.com,(841) 173-2125,false,true,,,,,false,,,false
1888,EUN39GQE,Hilel,Simpson,Raleigh,AB,et.ultrices@Etiamvestibulummassa.ca,(199) 382-6554,,false,,,false,false,,false,,
1889,FFJ14FJC,Quyn,Torres,Mandan,NB,blandit.viverra@lorem.edu,(618) 126-7602,false,,true,,true,true,,,true,
1890,BXM99TPR,Hunter,Merrill,Tacoma,MB,in@DonectinciduntDonec.ca,(735) 645-8718,,true,true,true,,,,,true,false
1891,RIR18DTU,Solomon,Sparks,Palo Alto,KY,ligula.Aenean.gravida@nasceturridiculus.edu,(921) 965-0309,false,false,,,,,true,false,false,false
1892,BOR25HTO,Marshall,Shannon,Lebanon,NU,tellus.Nunc.lectus@acmattisornare.org,(385) 745-3634,,,,,,,,true,true,
1893,ISN84YLU,Madaline,Pierce,Cranston,MO,mattis.velit.justo@molestieorci.org,(820) 170-6374,false,false,true,true,,,false,,,true
1894,XTW98QZL,Xyla,Petersen,Tampa,CT,quam@arcu.ca,(464) 258-4017,,true,true,false,false,,true,,,false
1895,KFU74IRY,Hedda,Schneider,Olean,NT,eu@Intinciduntcongue.com,(577) 866-2277,,,true,true,true,,,true,false,
1896,RZJ47ACA,Damian,Stafford,Rockville,PA,est.Nunc@idrisusquis.com,(487) 715-7749,,false,,,,true,false,true,false,
1897,NVT35XXH,Margaret,Greer,Colorado Springs,MS,elit@iaculisodioNam.com,(812) 892-4586,,,,,,true,true,,false,
1898,QGD80BDM,Melyssa,Ayala,Bowling Green,PE,in.tempus@tellusimperdietnon.org,(165) 854-9131,false,true,true,true,false,,,true,true,
1899,ILF82THF,Uriel,Moses,Gloucester,NS,Cras@vitaepurusgravida.edu,(544) 394-8596,false,false,true,false,,,,false,,
1900,OOV98SJT,Ferdinand,Frazier,Hidden Hills,NB,est.vitae.sodales@est.ca,(422) 250-9823,true,false,,,,,,,,true
1901,RJD95QZN,Isabelle,Crosby,Two Rivers,RI,purus.gravida.sagittis@atlacusQuisque.com,(906) 544-8286,,,false,,,false,false,,false,
1902,RBZ35LUL,Merritt,Mullins,Brea,SK,mauris.elit@ipsumcursusvestibulum.org,(915) 577-6060,,false,false,false,false,true,,true,,true
1903,TOU20NYS,Lila,Mccarty,Sanford,DC,In@pedeCrasvulputate.org,(603) 239-0192,true,false,,,,,false,false,,
1904,IRC78MRY,Moses,Morrison,Chicopee,NT,dictum.ultricies.ligula@aliquam.com,(418) 290-9325,,false,,true,,true,,,true,
1905,AXY80XVZ,Delilah,Boyd,Minot,PE,ligula.tortor.dictum@risus.org,(372) 282-3099,true,,true,,false,true,,,,false
1906,OWA71WZL,Willow,Wilkerson,Irving,NS,nunc@id.edu,(901) 707-8527,,,,,,,true,false,false,false
1907,QPJ72LOC,Amity,Ramos,Scottsdale,MB,sem@aliquet.edu,(393) 491-2496,,,false,false,false,,false,true,false,
1908,FNC59CRE,Kato,Morrow,Sister Bay,NU,neque@ligula.ca,(720) 104-6018,,,,false,,,true,true,true,false
1909,MSI58JZM,Hamish,Chang,Glens Falls,NU,egestas@felis.com,(473) 349-2288,,,,true,false,,true,,false,
1910,NJP86AUV,Coby,Molina,Oneida,NH,Nam@euismodacfermentum.org,(515) 561-9501,true,true,,false,,true,,false,,false
1911,XHK48BPS,Mallory,Moody,Sioux City,NB,ut@tempus.com,(311) 321-7241,,,,,,true,false,,,
1912,QNC77JXO,Magee,Haney,Pueblo,CO,Nulla.facilisi.Sed@sagittis.com,(491) 161-3835,,,,,true,,false,,,false
1913,XCE01VFN,Nehru,Mcclure,Attleboro,PE,eros.nec@ac.edu,(964) 235-5750,,true,false,true,,,,true,false,false
1914,DRY68HEK,Alvin,Reilly,Laguna Woods,NS,In@Curabiturconsequat.com,(717) 659-3054,true,false,false,,,,,true,false,
1915,JWW14KCW,Jason,Neal,Easthampton,MT,velit.Pellentesque@lacusvariuset.com,(355) 362-9209,,,false,true,true,,true,true,,false
1916,OUT10LJZ,Orli,Harrell,Woburn,BC,Nunc.ullamcorper@consequatdolorvitae.org,(471) 658-3114,false,true,,true,,,false,true,true,true
1917,JDP57DIB,Gage,Hurst,Lufkin,RI,et.netus@litoratorquent.com,(186) 949-9475,,false,,,false,false,true,,,true
1918,FVN87ZUR,Illiana,Kline,Dodge City,NU,posuere.at.velit@nonlobortis.org,(401) 669-5724,true,false,,,,true,,false,,false
1919,RCJ86ATG,Robin,Barker,Pomona,NL,dui.semper.et@semmollisdui.org,(255) 950-7738,true,true,,,,false,,,false,
1920,FPG74VUG,Lara,Castro,Brownsville,TN,commodo.tincidunt.nibh@Duis.ca,(258) 370-4498,true,,true,,false,,,false,,
1921,KEN24HFX,Paki,Calhoun,Rancho Palos Verdes,OK,magna@euismodmauris.edu,(244) 987-5970,true,,,true,false,,,false,,false
1922,NUW97TUG,Martena,Mcfarland,Elmira,LA,dolor.tempus.non@pede.edu,(285) 204-8061,false,false,true,,,,true,,false,true
1923,HWS80UHX,Rooney,Weber,Bloomington,WY,facilisis.Suspendisse.commodo@adipiscingelit.org,(947) 106-4425,,true,true,true,true,,,true,true,
1924,FEF91GQQ,Naida,Taylor,Cheyenne,AZ,sollicitudin.commodo.ipsum@eratvel.org,(560) 369-1478,true,,false,,true,true,true,true,,
1925,FVQ21HHH,Orson,Bird,Cheyenne,NT,a@lacinia.com,(101) 697-3799,,,false,,false,true,false,,,
1926,IET58RFD,Heidi,Conway,Billings,NS,laoreet.libero@tellusfaucibusleo.org,(403) 364-7475,false,true,,true,true,,true,,,true
1927,NDX83NIC,Vernon,Brooks,Olean,NH,In@eu.org,(739) 507-5004,true,true,true,,,,,true,true,true
1928,JHA38DDK,Claudia,Crosby,Sedalia,FL,Pellentesque.habitant.morbi@Nullatempor.com,(757) 956-8154,false,false,,false,,true,,true,true,true
1929,FGG02WQB,Amaya,Davis,Meadville,QC,mi.fringilla.mi@malesuadavel.edu,(828) 434-1398,true,,false,,false,true,true,,false,false
1930,NTR31BUG,Harriet,Rivera,Brownsville,MB,erat@Proinnon.edu,(299) 196-5228,,,,false,false,false,,true,,true
1931,IAZ31XZS,Bert,Dudley,Murfreesboro,WY,aliquet.libero.Integer@miacmattis.ca,(317) 648-4925,false,true,,false,,,,,,false
1932,THL59WKI,Rylee,Mueller,Sturgis,VA,enim.Mauris@nullaCraseu.com,(115) 539-9537,true,true,,true,,false,false,,false,false
1933,MSN92WYF,Jakeem,Estrada,Agat,WA,Quisque.tincidunt.pede@sociisnatoque.ca,(177) 262-1313,true,true,,true,false,,,true,,
1934,YIS74JYQ,Nigel,Carr,West Warwick,OR,senectus.et@facilisiseget.ca,(342) 367-1301,false,,true,,false,true,,true,false,
1935,HPQ58HGA,Melanie,Fischer,Brooklyn Park,NL,quam@risusatfringilla.edu,(799) 504-1826,,true,,false,true,,false,,false,true
1936,OPL51MZI,Finn,Duffy,Williamsport,OH,tristique.pellentesque@diamPellentesque.edu,(272) 256-4538,,,,,true,,,false,true,false
1937,VXU00IRN,Steel,Wilder,Hermosa Beach,RI,vehicula.risus@nibhvulputatemauris.ca,(607) 853-6933,false,,,false,false,,true,false,,
1938,LUO26CQI,Zachery,Washington,Oro Valley,IA,dolor@libero.ca,(112) 978-6083,,true,false,false,true,,true,false,,true
1939,FPD45WHE,Wang,Cardenas,Los Angeles,BC,parturient@eratvel.org,(166) 623-5638,,,false,,true,,,,true,false
1940,NSA13FMV,Stephen,Stevenson,Passaic,ID,dictum.eu.placerat@ad.edu,(985) 889-2261,true,true,true,false,,,false,,,
1941,KJD91ZXK,Cooper,Lane,Mission Viejo,BC,In.ornare.sagittis@Phasellus.org,(557) 709-1303,false,false,,,true,false,,true,false,false
1942,UBZ57COW,Hope,Madden,Easthampton,MB,viverra@placeratCrasdictum.ca,(415) 543-0991,false,true,,,,true,,true,,
1943,TQB20MQE,Hoyt,Mills,Hampton,YT,bibendum.sed@acmattisvelit.ca,(117) 768-3112,,,,,false,true,true,false,false,
1944,YCQ78GPF,Ignacia,Rollins,Latrobe,TN,velit.justo.nec@aliquetmagnaa.org,(835) 404-0191,,,,,,false,true,,true,
1945,MAA04CMN,Cyrus,Jennings,Normal,WA,Integer.aliquam@velitAliquam.com,(990) 277-2022,,false,true,true,,,true,true,,
1946,ZBU02OTM,Lenore,Woodard,Ponce,QC,lorem@id.org,(497) 182-6443,false,,,true,,,,false,,true
1947,DZU80QET,Amal,Maynard,Azusa,NU,elementum@vulputateposuere.com,(725) 725-6751,,,,,,true,,false,,
1948,AVQ56XCG,Linus,Murray,Kona,AL,enim@erat.ca,(477) 490-1457,true,false,false,false,,,false,,,true
1949,EYQ83OYM,Winifred,Jefferson,Downey,NS,arcu.imperdiet.ullamcorper@eratvolutpat.org,(816) 986-0382,true,,,,,true,false,,,
1950,RAH29CXY,Isaac,Rosa,DuBois,NV,ut@Mauris.ca,(378) 162-1453,true,true,false,false,,true,true,true,false,false
1951,JUW17MKY,Whilemina,Valentine,El Cerrito,ON,nec@velitjusto.org,(651) 639-1886,,false,false,false,true,,,,,false
1952,GPP31YHI,Rajah,Browning,Walnut,AL,elit@quam.edu,(713) 231-2739,false,,,,true,true,true,true,,false
1953,WMR16AJZ,Rina,Pittman,Tupelo,NS,Fusce.mollis.Duis@placerataugue.edu,(500) 479-3411,,true,,,false,,,,,true
1954,XLT98OVE,Abel,Witt,Frederick,NB,ante.Maecenas.mi@gravidanunc.com,(164) 390-7254,,,false,,,,true,false,true,true
1955,YTR30PLU,Skyler,Webster,Duquesne,DE,eget.metus.In@rhoncusProinnisl.org,(190) 187-8144,false,,,true,,false,true,,,
1956,ZHN03KUF,Lee,Daniels,Pittsburgh,NS,neque@pedeetrisus.com,(149) 325-5590,true,false,,false,true,,,true,false,
1957,TOB68GEL,Sebastian,Bray,Kearney,PE,quis.arcu.vel@estMauris.edu,(312) 368-9153,false,,,,false,,false,false,false,false
1958,OAL83BSG,Dean,Flynn,Martinsburg,MT,venenatis@quis.com,(266) 256-7961,true,true,,,,false,true,false,true,true
1959,BWM70BKU,Yetta,Anthony,Titusville,WA,enim.sit@risus.org,(284) 769-6064,true,true,,false,false,,,true,,true
1960,QCN07DAM,Charlotte,Patterson,Warren,YT,vitae.posuere@urnasuscipitnonummy.com,(463) 190-6825,true,,,true,,true,,,,
1961,SQF06FDG,Ariana,Hogan,Salem,MD,pede.et.risus@a.org,(343) 250-3137,,,,false,true,,false,,false,false
1962,VZT11IFM,Isabella,Mathis,Corpus Christi,MS,hendrerit.id.ante@sit.ca,(732) 704-1635,,,,,true,,,true,false,false
1963,GMN42OXK,Castor,Drake,West Hartford,NS,nulla.at.sem@Maurisquisturpis.ca,(609) 918-6850,true,,,,true,true,false,false,,false
1964,TNK64NMC,Hilary,Anthony,Camden,AB,vitae@in.ca,(837) 711-5234,,,,,,false,,,,true
1965,UTF54JRA,Lamar,Alston,Laguna Hills,ND,ante.ipsum@placeratCras.com,(873) 213-2862,false,,true,false,,false,,false,true,false
1966,ZLB26DQV,Zephr,Duran,Belleville,PE,ut@primisinfaucibus.com,(920) 373-1818,,true,,true,false,false,,true,false,
1967,PGB64TAQ,Lucius,Campos,Liberal,BC,aliquam@tellusPhasellus.org,(201) 345-9011,,true,false,,,,,,false,false
1968,RFD84QKL,Miranda,Larsen,Midwest City,AB,orci.adipiscing@ornareplacerat.edu,(935) 559-5155,,,false,false,,,false,,true,false
1969,CQU61JQP,Jolene,Campbell,Cicero,NU,Donec.non.justo@vellectus.edu,(981) 962-3602,,,,,true,,true,false,false,false
1970,EPC35SPW,Hayfa,Mendez,Cambridge,PE,eu.elit.Nulla@pedeblandit.ca,(948) 724-2493,,true,,,,,,,false,
1971,BEZ88FHD,Nathaniel,Fowler,LaGrange,NE,Aliquam.fringilla@loremegetmollis.ca,(303) 434-4037,,false,true,,false,false,true,true,,false
1972,OZE83MKT,Lance,Petty,Laconia,QC,dui@nibhenimgravida.org,(893) 270-9625,,,false,false,,false,false,false,false,
1973,WXC20XGZ,Kristen,Levine,Mount Pleasant,WA,vehicula@accumsanlaoreetipsum.org,(322) 416-1234,,,true,,false,,true,,,
1974,KPL69OHE,Ryan,Morse,Omaha,BC,erat@nibhenim.com,(574) 854-1160,,,,,,false,true,,,
1975,IZG78VEA,Venus,Savage,Bayamon,NY,facilisis.Suspendisse@necluctus.org,(973) 960-1501,,true,false,true,,false,false,false,,true
1976,LYS79IVC,Ruby,Vance,Eufaula,NE,justo.faucibus.lectus@magna.edu,(547) 737-5722,false,true,false,false,,,true,true,false,false
1977,HGR09ZTM,Nissim,Abbott,San Dimas,GA,Donec@nec.com,(433) 622-3095,false,false,true,true,false,true,,true,,true
1978,HDA67HYC,Fiona,Soto,Oneida,BC,eget@aaliquet.org,(961) 690-3603,,true,false,,,,,,true,true
1979,PYM75KTX,Axel,Sanford,Duluth,NE,Cras@in.com,(505) 620-7877,true,,,,false,,,,,true
1980,SBZ36FJM,Benjamin,Blair,Dunkirk,NM,malesuada.vel.venenatis@malesuadafamesac.edu,(625) 375-4089,true,true,true,,,,,true,true,
1981,QZD12WSR,Uma,Mccarthy,Minneapolis,NS,nisi@mauris.edu,(430) 731-7083,,false,false,true,false,false,false,false,,
1982,VOG92QAZ,Noble,Tran,Fort Lauderdale,MB,tellus.Aenean@molestie.edu,(258) 549-2539,false,false,,,false,true,true,,true,
1983,YMK79WTE,Graiden,Blevins,Chickasha,IA,dolor@eratvelpede.ca,(526) 106-3021,,,,false,false,true,,,true,true
1984,QHY24YXU,Zephania,Cain,Waltham,NT,lacus@odiosagittissemper.ca,(516) 334-2430,,true,,,true,true,false,,true,true
1985,VHX55GYV,Odysseus,Frye,Tampa,MD,augue.ut.lacus@Etiamligula.com,(462) 336-5223,false,,true,false,true,true,true,,true,false
1986,DYC42MBU,Neve,Freeman,Brunswick,ON,ornare.In.faucibus@lacinia.com,(743) 603-0198,false,true,false,false,,true,false,,,
1987,TWQ05RKO,Robert,Hampton,Half Moon Bay,NU,lorem@temporaugue.com,(990) 774-7970,,true,true,,,,,,true,
1988,EHX29RRS,Kyle,Horn,Racine,LA,risus.Quisque@semperrutrum.edu,(600) 346-7145,,true,,false,false,false,,,false,true
1989,JPW48ICP,Irma,Marks,Camden,AL,ac.risus@infaucibusorci.com,(469) 471-8391,,true,true,true,,,false,false,false,
1990,JNQ39JLU,Nevada,Gutierrez,Warner Robins,AB,cubilia.Curae;.Donec@mifringilla.org,(520) 272-8108,,,true,false,true,false,true,,false,
1991,WXU90NFX,Martin,Foreman,Rohnert Park,ME,Aliquam.nec.enim@aliquetmolestie.edu,(509) 857-2554,false,,false,false,,,true,,false,
1992,LNG33UCP,Fleur,Mckinney,Baytown,NB,Nullam@aliquetnec.edu,(180) 830-0972,,true,,false,,,true,,false,true
1993,CSK15VGP,Ray,Bartlett,Tuscaloosa,AL,primis.in@ornarelectusjusto.edu,(885) 641-0371,false,,false,,true,,false,false,true,
1994,FZT76EYS,Kiona,Pugh,Springdale,NU,tellus@enimgravida.org,(230) 913-6696,true,true,true,,false,,true,true,,
1995,CRB16FMH,September,Hester,Waterbury,IA,felis@diamat.org,(160) 459-9413,true,true,true,,,true,false,false,true,false
1996,NWZ62NPE,Zia,Perkins,Morgan City,YT,Morbi.vehicula@lacusCrasinterdum.com,(951) 506-3331,,false,false,,false,,,,false,true
1997,QVH82IKP,Norman,Reynolds,Pottsville,SK,sem.vitae.aliquam@adipiscinglobortis.com,(565) 177-0954,false,,true,true,,false,,,,
1998,ZSI57BGV,Wylie,Rojas,Elkhart,QC,nec.ante@ac.org,(492) 517-9815,,true,,,,,true,,,
1999,MOQ60UKZ,Lionel,Mathews,Midwest City,ON,nulla.Cras@a.org,(627) 886-0799,true,,,,false,false,false,false,true,
2000,PAV38QYY,Heidi,Thornton,West Bend,NB,sem.egestas@Uttincidunt.ca,(236) 439-9478,false,,,true,true,,false,,,false
